公司名称,变更事项,变更前内容,变更后内容,变更时间,
上海健桥医院有限公司	,章程修正案备案	,2016-04-26章程备案	,2017-02-14章程修正案	,2017-03-13 00:00:00.0	,
上海健桥医院有限公司	,投资人(股权)变更	,陈金章;陈国兴;	,上海美迪亚医院投资集团有限公司;蔡金兴;陈国涛;浙江美迪亚医院投资管理有限公司;	,2017-03-13 00:00:00.0	,
上海健桥医院有限公司	,监事备案	,陈金章	,陈国涛	,2018-03-28 00:00:00.0	,
上海健桥医院有限公司	,经理备案	,陈国雄	,蔡金兴	,2018-03-28 00:00:00.0	,
上海健桥医院有限公司	,章程备案	,2017-02-14章程备案	,2018-03-27章程备案	,2018-03-28 00:00:00.0	,
上海健桥医院有限公司	,章程修正案备案	,2018-03-27章程备案	,2018-05-14章程修正案	,2018-05-15 00:00:00.0	,
上海健桥医院有限公司	,一般经营项目变更	,无	,消毒用品、卫生用品销售	,2018-05-15 00:00:00.0	,
上海健桥医院有限公司	,许可经营项目变更	,营利性医疗机构	,营利性医疗机构	,2018-05-15 00:00:00.0	,
上海健桥医院有限公司	,经营范围变更	,内科；呼吸内科专业；消化内科专业；老年病专业/外科；普通外科专业；神经外科专业；骨科专业；泌尿外科专业/妇产科；妇科专业；生殖健康与不孕症专业/口腔科/皮肤科；皮肤病专业；性传播疾病专业/麻醉科/医学检验科；临床体液、血液专业；临床微生物学专业；临床化学检验专业；临床免疫、血清学专业/病理科/医学影像科；X线诊断专业；超声诊断专业；心电诊断专业/中医科；内科专业。【依法须经批准的项目，经相关部门批准后方可开展经营活动】	,内科；呼吸内科专业；消化内科专业；老年病专业/外科；普通外科专业；神经外科专业；骨科专业；泌尿外科专业/妇产科；妇科专业；生殖健康与不孕症专业/口腔科/皮肤科；皮肤病专业；性传播疾病专业/麻醉科/医学检验科；临床体液、血液专业；临床微生物学专业；临床化学检验专业；临床免疫、血清学专业/病理科/医学影像科；X线诊断专业；超声诊断专业；心电诊断专业/中医科；内科专业，消毒用品、卫生用品销售。【依法须经批准的项目，经相关部门批准后方可开展经营活动】	,2018-05-15 00:00:00.0	,
上海健桥医院有限公司	,章程修正案备案	,无	,2016-04-26章程修正案	,2016-09-05 00:00:00.0	,
上海健桥医院有限公司	,法定代表人变更	,陈国雄	,蔡金兴	,2016-09-05 00:00:00.0	,
上海健桥医院有限公司	,监事备案	,陈国涛	,郑国栋	,2018-10-24 00:00:00.0	,
上海健桥医院有限公司	,投资人(股权)变更	,蔡金兴;浙江美迪亚医院投资管理有限公司;陈国涛;上海美迪亚医院投资集团有限公司;	,上海美迪亚医院投资集团有限公司;浙江美迪亚医院投资管理有限公司;蔡金兴;郑国栋;	,2018-10-24 00:00:00.0	,
上海健桥医院有限公司	,章程修正案备案	,无	,2018-09-20章程修正案	,2018-10-24 00:00:00.0	,
杭州艺星医疗美容医院有限公司	,一般经营项目变更	,一般经营项目: 无; 		许可经营项目: 内科/外科；整形外科专业/医疗美容科；美容牙科；美容皮肤科；美容中医科/麻醉科/医学检验科（限临床体液血液专业、临床生化检验专业）/医学影像科；x线诊断专业；超声诊断专业；心电诊断专业。（上述经营范围在批准的有效期内方可经营）。; 		股东:  浙江美迪亚医院投资管理有限公司， 300万; 艺星医疗美容有限公司， 700万; 陈国兴， 4000万; 			,一般经营项目: ; 许可经营项目: 内科/外科；整形外科专业/医疗美容科；美容牙科；美容皮肤科；美容中医科/麻醉科/医学检验科（限临床体液血液专业、临床生化检验专业）/医学影像科；x线诊断专业；超声诊断专业；心电诊断专业。; 股东:  浙江美迪亚医院投资管理有限公司， 300万; 艺星医疗美容集团有限公司， 700万; 陈国兴， 4000万; 	,2016-01-06 00:00:00.0	,
杭州艺星医疗美容医院有限公司	,注册资本(金)变更	,注册资本: 1000万人民币元; 		实收资本: 1000万人民币元; 		许可经营项目: 整形外科专业、麻醉科、美容牙科、美容皮肤科、美容中医科、医学检验科（限临床体液血液专业、临床生化检验专业）、医学影像科（限X光诊断专业、超声诊断专业、心电诊断专业）（《医疗机构执业许可证》有效期至2013年10月25日）。; 		股东:  浙江美迪亚医院投资管理有限公司， 300万; 艺星医疗美容有限公司， 700万; 			,注册资本: 5000万人民币元; 实收资本: 5000万人民币元; 许可经营项目: 内科/外科；整形外科专业/医疗美容科；美容牙科；美容皮肤科；美容中医科/麻醉科/医学检验科（限临床体液血液专业、临床生化检验专业）/医学影像科；x线诊断专业；超声诊断专业；心电诊断专业。（上述经营范围在批准的有效期内方可经营）。; 股东:  浙江美迪亚医院投资管理有限公司， 300万; 艺星医疗美容有限公司， 700万; 陈国兴， 4000万; 	,2013-08-29 00:00:00.0	,
杭州艺星医疗美容医院有限公司	,企业类型变更	,企业类型: 一人有限责任公司（私营法人独资）; 		股东:  浙江美迪亚医院投资管理有限公司， 1000万; 			,企业类型: 私营有限责任公司(自然人控股或私营性质企业控股); 股东:  浙江美迪亚医院投资管理有限公司， 300万; 艺星医疗美容有限公司， 700万; 	,2010-11-26 00:00:00.0	,
杭州艺星医疗美容医院有限公司	,换发统一社会信用代码执照	,注册号：********34402		组织机构代码证：********X	,统一社会信用代码:9********3014XU	,2015-12-17 00:00:00.0	,
杭州艺星医疗美容医院有限公司	,投资人(股权)备案	,企业名称: 艺星医疗美容集团有限公司; 出资额: ***万; 百分比: ***%		,企业名称: 艺星医疗美容集团有限公司; 出资额: ****万; 百分比: ***%		,2017-12-28 00:00:00.0	,
杭州艺星医疗美容医院有限公司	,出资日期备案	,企业名称: 艺星医疗美容集团有限公司; 出资日期: 2010-10-29		,企业名称: 艺星医疗美容集团有限公司; 出资日期: 2035-12-31		,2017-12-28 00:00:00.0	,
杭州艺星医疗美容医院有限公司	,注册资本(金)变更	,700	,5000	,2017-12-28 00:00:00.0	,
杭州艺星医疗美容医院有限公司	,出资比例备案	,企业名称: 浙江美迪亚医院投资管理有限公司; 出资额: ***万; 百分比: *%	企业名称: 艺星医疗美容集团有限公司; 出资额: ***万; 百分比: **%	姓名: 陈国兴; 出资额: ****万; 百分比: **%		,企业名称: 艺星医疗美容集团有限公司; 出资额: ***万; 百分比: ***%		,2017-12-27 00:00:00.0	,
杭州艺星医疗美容医院有限公司	,企业类型变更	,私营有限责任公司(自然人控股或私营性质企业控股)	,一人有限责任公司(私营法人独资)	,2017-12-27 00:00:00.0	,
杭州艺星医疗美容医院有限公司	,注册资本(金)变更	,5000	,700	,2017-12-27 00:00:00.0	,
杭州艺星医疗美容医院有限公司	,投资人(股权)备案	,企业名称: 浙江美迪亚医院投资管理有限公司; 出资额: ***万; 百分比: *%	企业名称: 艺星医疗美容集团有限公司; 出资额: ***万; 百分比: **%	姓名: 陈国兴; 出资额: ****万; 百分比: **%		,企业名称: 艺星医疗美容集团有限公司; 出资额: ***万; 百分比: ***%		,2017-12-27 00:00:00.0	,
杭州艺星医疗美容医院有限公司	,出资日期备案	,企业名称: 浙江美迪亚医院投资管理有限公司; 出资日期: 	企业名称: 艺星医疗美容集团有限公司; 出资日期: 	姓名: 陈国兴; 出资日期: 		,企业名称: 艺星医疗美容集团有限公司; 出资日期: 2010-10-29		,2017-12-27 00:00:00.0	,
杭州艺星医疗美容医院有限公司	,出资方式备案	,	,	,2017-12-27 00:00:00.0	,
杭州艺星医疗美容医院有限公司	,章程备案	,	,	,2017-12-27 00:00:00.0	,
杭州艺星医疗美容医院有限公司	,章程备案	,	,	,2018-07-06 00:00:00.0	,
杭州艺星医疗美容医院有限公司	,高级管理人员备案	,姓名: 王立惠; 证件号码: ******************; 职位: 监事	姓名: 陈国雄; 证件号码: ******************; 职位: 执行董事	姓名: 陈翔; 证件号码: ******************; 职位: 经理		,姓名: 王立惠; 证件号码: ******************; 职位: 监事	姓名: 陈翔; 证件号码: ******************; 职位: 执行董事兼总经理		,2018-07-06 00:00:00.0	,
杭州艺星医疗美容医院有限公司	,投资人(股权)备案	,企业名称: 艺星医疗美容集团有限公司; 出资额: ****万; 百分比: ***%		,企业名称: 艺星医疗美容集团股份有限公司; 出资额: ****万; 百分比: ***%		,2018-07-06 00:00:00.0	,
北京艺星医疗美容医院有限公司	,法定代表人	,陈伟军	,王立惠	,2016-09-26 00:00:00.0	,
北京艺星医疗美容医院有限公司	,董事（理事）、经理、监事	,（注：标有*标志的为法定代表人）1 陈伟军* 执行董事2 陈伟军* 经理3 王立惠 监事	,（注：标有*标志的为法定代表人）1 王立惠* 执行董事2 王立惠* 经理3 王琛 监事	,2016-09-26 00:00:00.0	,
北京艺星医疗美容医院有限公司	,股东改变姓名或名称	,艺星医疗美容有限公司 	,艺星医疗美容集团有限公司 	,2016-04-11 00:00:00.0	,
北京艺星医疗美容医院有限公司	,股东改变姓名或名称	,艺星医疗美容集团有限公司 	,艺星医疗美容集团股份有限公司 	,2018-07-31 00:00:00.0	,
温州艺星医学美容医院有限公司	,投资人(股权)备案	,姓名: 朱海霞; 出资额: ***; 百分比: **%		姓名: 吴道芳; 出资额: ***; 百分比: **%		企业名称: 艺星医疗美容有限公司; 出资额: ***; 百分比: **%; 法人性质: 企业法人			,姓名: 朱海霞; 出资额: ***; 百分比: **%姓名: 吴道芳; 出资额: ***; 百分比: **%企业名称: 艺星医疗美容集团有限公司; 出资额: ***; 百分比: **%; 法人性质: 企业法人	,2016-03-17 00:00:00.0	,
温州艺星医学美容医院有限公司	,换发统一社会信用代码执照	,注册号：********		组织机构代码证：********X	,统一社会信用代码:9********0075X5	,2016-03-17 00:00:00.0	,
温州艺星医学美容医院有限公司	,投资人(股权)备案	,姓名: 朱海霞; 出资额: **; 百分比: **%		姓名: 吴建芳; 出资额: **; 百分比: **%		企业名称: 上海娜提卡投资管理有限公司; 出资额: ***; 百分比: **%; 法人性质: 企业法人			,姓名: 朱海霞; 出资额: ***; 百分比: **%姓名: 吴道芳; 出资额: ***; 百分比: **%企业名称: 艺星医疗美容有限公司; 出资额: ***; 百分比: **%; 法人性质: 企业法人	,2011-09-30 00:00:00.0	,
温州艺星医学美容医院有限公司	,高级管理人员备案	,姓名: 陈翔; 证件名称: ; 证件号码: ********; 性别: 男性; 职务: 经理		姓名: 吴建芳; 证件名称: ; 证件号码: ********; 性别: 女性; 职务: 执行董事兼总经理		姓名: 朱海霞; 证件名称: ; 证件号码: ********; 性别: 女性; 职务: 监事			,姓名: 陈翔; 证件名称: ; 证件号码: ********; 性别: 男性; 职务: 总经理姓名: 吴道芳; 证件名称: ; 证件号码: ********; 性别: 女性; 职务: 执行董事姓名: 朱海霞; 证件名称: ; 证件号码: ********; 性别: 女性; 职务: 监事	,2011-09-30 00:00:00.0	,
温州艺星医学美容医院有限公司	,企业类型变更	,私营有限责任公司(自然人控股或私营性质企业控股)	,一人有限责任公司(私营法人独资)	,2018-01-18 00:00:00.0	,
温州艺星医学美容医院有限公司	,投资人(股权)备案	,姓名: 谢凡; 出资额: **万; 百分比: *%	姓名: 朱海霞; 出资额: ***万; 百分比: **%	姓名: 詹宗阳; 出资额: ***万; 百分比: **%	企业名称: 艺星医疗美容集团有限公司; 出资额: ***万; 百分比: **%		,企业名称: 艺星医疗美容集团有限公司; 出资额: ****万; 百分比: ***%		,2018-01-18 00:00:00.0	,
温州艺星医学美容医院有限公司	,投资人(股权)备案	,姓名: 朱海霞; 出资额: ***万; 百分比: **%	姓名: 吴道芳; 出资额: ***万; 百分比: **%	企业名称: 艺星医疗美容集团有限公司; 出资额: ***万; 百分比: **%		,姓名: 谢凡; 出资额: **万; 百分比: *%	姓名: 朱海霞; 出资额: ***万; 百分比: **%	姓名: 詹宗阳; 出资额: ***万; 百分比: **%	企业名称: 艺星医疗美容集团有限公司; 出资额: ***万; 百分比: **%		,2017-12-26 00:00:00.0	,
温州艺星医学美容医院有限公司	,许可经营项目变更	,许可经营项目: 诊疗科目：医疗美容科，美容外科，美容牙科，美容皮肤科，美容中医科，麻醉科，医学检验科，医学影像科，X线诊断专业，超声诊断专业，心电诊断专业（医疗机构执业许可证有效期至2014年5月2日止） 	,许可经营项目: 诊疗科目：医疗美容科，美容外科，美容牙科，美容皮肤科，美容中医科，麻醉科，医学检验科，医学影像科，X线诊断专业，超声诊断专业，心电诊断专业（在医疗机构执业许可证有效期限内经营） 	,2014-12-08 00:00:00.0	,
温州艺星医学美容医院有限公司	,实收资本变更	,300	,1000	,2011-09-30 00:00:00.0	,
温州艺星医学美容医院有限公司	,注册资本(金)变更	,300	,1000	,2011-09-30 00:00:00.0	,
温州艺星医学美容医院有限公司	,组织机构变更	,姓名: 陈翔; 证件名称: ; 证件号码: ********; 性别: 男性; 职务: 经理姓名: 吴建芳; 证件名称: ; 证件号码: ********; 性别: 女性; 职务: 执行董事兼总经理姓名: 朱海霞; 证件名称: ; 证件号码: ********; 性别: 女性; 职务: 监事 	,姓名: 陈翔; 证件名称: ; 证件号码: ********; 性别: 男性; 职务: 总经理姓名: 吴道芳; 证件名称: ; 证件号码: ********; 性别: 女性; 职务: 执行董事姓名: 朱海霞; 证件名称: ; 证件号码: ********; 性别: 女性; 职务: 监事 	,2011-09-30 00:00:00.0	,
温州艺星医学美容医院有限公司	,出资方式备案	,企业名称: 艺星医疗美容集团有限公司; 出资额: ****万; 出资形式: 货币		,企业名称: 艺星医疗美容集团股份有限公司; 出资额: ****万; 出资形式: 货币		,2018-07-06 00:00:00.0	,
温州艺星医学美容医院有限公司	,高级管理人员备案	,姓名: 吴道芳; 证件号码: ******************; 职位: 执行董事	姓名: 朱海霞; 证件号码: ***************; 职位: 监事	姓名: 陈翔; 证件号码: ******************; 职位: 总经理		,姓名: 王琛; 证件号码: ******************; 职位: 监事	姓名: 陈翔; 证件号码: ******************; 职位: 执行董事		,2018-07-06 00:00:00.0	,
昆明艺星医疗美容医院有限公司	,法定代表人变更	,卢明	,王立惠	,2016-11-14 00:00:00.0	,
昆明艺星医疗美容医院有限公司	,经营范围变更	,医院管理；医疗服务；医疗美容科（美容外科、美容牙科、美容中医科、美容皮肤科）、麻醉科、医疗检验科（临床体液、血液专业、临床化学检验专业）、医学影像科（X线诊断专业、超声诊断专业、心电诊断专业）；医疗美容信息咨询（依法须经批准的项目，经相关部门批准后方可开展经营活动）	,医院管理；医疗服务；医疗美容科（美容外科、美容中医科、美容皮肤科）、麻醉科、医疗检验科（临床体液、血液专业、临床化学检验专业）、医学影像科（X线诊断专业、超声诊断专业、心电诊断专业）；医疗美容信息咨询（依法须经批准的项目，经相关部门批准后方可开展经营活动）	,2016-11-14 00:00:00.0	,
昆明艺星医疗美容医院有限公司	,住所变更	,云南省昆明市盘龙区北京路与白云路交叉口西南角心景假日大厦1―6楼	,云南省昆明市盘龙区北京路926号	,2015-12-24 00:00:00.0	,
昆明艺星医疗美容医院有限公司	,经营范围变更	,医院管理；医疗美容信息咨询（依法须经批准的项目，经相关部门批准后方可开展经营活动）	,医院管理；医疗服务；医疗美容科（美容外科、美容牙科、美容中医科、美容皮肤科）、麻醉科、医疗检验科（临床体液、血液专业、临床化学检验专业）、医学影像科（X线诊断专业、超声诊断专业、心电诊断专业）；医疗美容信息咨询（依法须经批准的项目，经相关部门批准后方可开展经营活动）	,2015-11-17 00:00:00.0	,
昆明艺星医疗美容医院有限公司	,联络员备案	,黄燕金 *** 备案手机：***	,张磊 *** 备案手机：*** （网上办理）	,2016-05-27 00:00:00.0	,
昆明艺星医疗美容医院有限公司	,联络员备案	, 	,黄燕金 ***	,2015-11-17 00:00:00.0	,
昆明艺星医疗美容医院有限公司	,经营范围变更	,医院管理；医疗服务；医疗美容科（美容外科、美容中医科、美容皮肤科）、麻醉科、医疗检验科（临床体液、血液专业、临床化学检验专业）、医学影像科（X线诊断专业、超声诊断专业、心电诊断专业）；医疗美容信息咨询（依法须经批准的项目，经相关部门批准后方可开展经营活动）	,医院管理；医疗服务；医疗美容科（美容外科、美容中医科、美容皮肤科）、麻醉科、医疗检验科（临床体液、血液专业、临床化学检验专业）、医学影像科（X线诊断专业、超声诊断专业、心电诊断专业）；医疗美容信息咨询（依法须经批准的项目，经相关部门批准后方可开展经营活动）	,2018-07-12 00:00:00.0	,
昆明艺星医疗美容医院有限公司	,股东或股份发起人改变姓名或名称变更	,艺星医疗美容集团有限公司;	,艺星医疗美容集团股份有限公司;	,2018-07-12 00:00:00.0	,
昆明艺星医疗美容医院有限公司	,联络员备案	,苏珍风 *** 备案手机：***	,苏珍风 *** 备案手机：*** （网上办理）	,2017-10-25 00:00:00.0	,
昆明艺星医疗美容医院有限公司	,联络员备案	,张磊 *** 备案手机：***	,苏珍风 *** 备案手机：*** （网上办理）	,2017-10-25 00:00:00.0	,
昆明艺星医疗美容医院有限公司	,联络员备案	,苏珍风 *** 备案手机：***	,苏珍风 *** 备案手机：*** （网上办理）	,2019-05-06 00:00:00.0	,
上海美迪亚医院投资集团有限公司	,章程备案	,2010-01-28章程备案	,2017-03-13章程备案	,2017-04-11 00:00:00.0	,
上海美迪亚医院投资集团有限公司	,董事备案	,陈国雄;陈国兴;詹妍	,陈国兴	,2017-04-11 00:00:00.0	,
上海美迪亚医院投资集团有限公司	,投资人(股权)变更	,詹妍;陈国兴;陈国雄;	,陈国兴;詹妍;	,2017-04-11 00:00:00.0	,
上海美迪亚医院投资集团有限公司	,法定代表人变更	,陈国兴	,陈国兴	,2017-04-11 00:00:00.0	,
合肥市艺星医疗美容医院有限公司	,经营范围变更（含业务范围变更）变更	,内科、整形外科专业、医疗美容科、皮肤科、中医科、麻醉科、医学检验科、医学影像科（在许可证有效期和经营范围内经营）。	,内科、整形外科专业、医疗美容科、皮肤科、中医科、麻醉科、医学检验科、医学影像科（在许可证有效期和经营范围内经营）；化妆品销售。（依法须经批准的项目，经相关部门批准后方可开展经营活动）	,2017-07-17 00:00:00.0	,
合肥市艺星医疗美容医院有限公司	,市场主体类型变更变更	,其他有限责任公司	,有限责任公司(自然人投资或控股的法人独资)	,2018-03-26 00:00:00.0	,
合肥市艺星医疗美容医院有限公司	,高级管理人员备案（董事、监事、经理等）变更	,潘娟芳、苗海燕	,黄欢、苗海燕	,2018-03-26 00:00:00.0	,
合肥市艺星医疗美容医院有限公司	,负责人变更（法定代表人、负责人、首席代表、合伙事务执行人等变更）变更	,潘娟芳	,黄欢	,2018-03-26 00:00:00.0	,
合肥市艺星医疗美容医院有限公司	,投资人变更（包括出资额、出资方式、出资日期、投资人名称等）变更	,艺星医疗美容集团有限公司:70%;潘娟芳:30%;	,艺星医疗美容集团有限公司:100%;	,2018-03-26 00:00:00.0	,
合肥市艺星医疗美容医院有限公司	,投资人变更（包括出资额、出资方式、出资日期、投资人名称等）变更	,艺星医疗美容集团有限公司:100%;	,艺星医疗美容集团股份有限公司:100%;	,2018-07-04 00:00:00.0	,
合肥市艺星医疗美容医院有限公司	,高级管理人员备案（董事、监事、经理等）变更	,黄欢、苗海燕	,李季、苗海燕	,2018-08-31 00:00:00.0	,
合肥市艺星医疗美容医院有限公司	,负责人变更（法定代表人、负责人、首席代表、合伙事务执行人等变更）变更	,黄欢	,李季	,2018-08-31 00:00:00.0	,
合肥市艺星医疗美容医院有限公司	,其他事项备案变更	,无	,100000018，100000003，100000022，100000020，100000023，100000021，100000007，340000126，	,2018-08-31 00:00:00.0	,
合肥市艺星医疗美容医院有限公司	,实收资本变更(或外资中方实收资本变更)变更	,0	,1000.000000	,2018-03-26 00:00:00.0	,
合肥市艺星医疗美容医院有限公司	,实收资本变更(或外资中方实收资本变更)	,0	,1000.000000	,2018-03-26 00:00:00.0	,
合肥市艺星医疗美容医院有限公司	,其他事项备案	,	,公章刻制备案，单位办理住房公积金缴存登记，营业执照，税务登记证，机构代码证，社会保险登记证，统计证，开户许可证	,2018-08-31 00:00:00.0	,
西安艺星医疗美容医院有限公司	,企业类型变更	,1152--有限责任公司(法人独资)	,1130--有限责任公司(自然人投资或控股)	,2015-05-05 00:00:00.0	,
西安艺星医疗美容医院有限公司	,投资人(股权)变更	,企业名称: 艺星医疗美容集团有限公司; 出资额: 1000; 百分比: 100	,姓名: 梅丽华; 出资额: 50; 百分比: 5姓名: 黄元立; 出资额: 250; 百分比: 25姓名: 陈国雄; 出资额: 700; 百分比: 70	,2015-05-05 00:00:00.0	,
西安艺星医疗美容医院有限公司	,联络员备案变更	,原联络人员姓名:;电话:******电话:******原财务负责人姓名:;电话:******电话:******原办税人姓名:;电话:******电话:******原生产经营地:;原生产经营地所在行政区划:	,现联络人员姓名:景蓉;电话:******电话:******现财务负责人姓名:;电话:******电话:******现办税人姓名:;电话:******电话:******现生产经营地:;现生产经营地所在行政区划:	,2017-06-21 00:00:00.0	,
西安艺星医疗美容医院有限公司	,换照	,	,办理换照业务	,2017-06-21 00:00:00.0	,
西安艺星医疗美容医院有限公司	,投资人（股权）备案	,姓名: 梅丽华; 出资额: 50; 百分比: 5姓名: 黄元立; 出资额: 250; 百分比: 25姓名: 陈国雄; 出资额: 700; 百分比: 70	,姓名: 梅丽华; 出资额: 50; 百分比: 5姓名: 黄元立; 出资额: 250; 百分比: 25企业名称: 艺星医疗美容集团有限公司; 出资额: 700; 百分比: 70	,2017-12-05 00:00:00.0	,
西安艺星医疗美容医院有限公司	,企业类型变更	,1130--有限责任公司(自然人投资或控股)	,1190--其他有限责任公司	,2017-12-05 00:00:00.0	,
西安艺星医疗美容医院有限公司	,投资人(股权)变更	,姓名: 梅丽华; 出资额: 50; 百分比: 5	姓名: 黄元立; 出资额: 250; 百分比: 25	企业名称: 艺星医疗美容集团有限公司; 出资额: 700; 百分比: 70		,企业名称: 艺星医疗美容集团有限公司; 出资额: 1000; 百分比: 100		,2017-12-28 00:00:00.0	,
西安艺星医疗美容医院有限公司	,企业类型变更	,1190--其他有限责任公司	,1152--有限责任公司(法人独资)	,2017-12-28 00:00:00.0	,
西安艺星医疗美容医院有限公司	,经营范围变更	,许可经营项目：医疗美容服务。(上述经营范围凭许可证明文件或批准证书在有效期内经营，未经许可不得经营)	,医疗美容服务。(依法须经批准的项目，经相关部门批准后方可开展经营活动)	,2017-06-21 00:00:00.0	,
西安艺星医疗美容医院有限公司	,联络员备案变更	,原联络人员姓名：，原联络人员固定电话：，原联络人员移动电话：，原财务负责人姓名：，原财务负责人固定电话：，原财务负责人移动电话：，原办税人姓名：，原办税人固定电话：，原办税人移动电话：，原生产经营地：，原生产经营地所在行政区划：	,现联络人员姓名：景蓉，现联络人员固定电话：，现联络人员移动电话：***********，现财务负责人姓名：，现财务负责人固定电话：，现财务负责人移动电话：，现办税人姓名：，现办税人固定电话：，现办税人移动电话：，现生产经营地：，现生产经营地所在行政区划：	,2017-06-21 00:00:00.0	,
西安艺星医疗美容医院有限公司	,联络员备案变更	,原联络人员姓名：景蓉，原联络人员固定电话：，原联络人员移动电话：***********，原财务负责人姓名：，原财务负责人固定电话：，原财务负责人移动电话：，原办税人姓名：，原办税人固定电话：，原办税人移动电话：，原生产经营地：，原生产经营地所在行政区划：	,现联络人员姓名：景蓉，现联络人员固定电话：，现联络人员移动电话：***********，现财务负责人姓名：杨小虎，现财务负责人固定电话：***-********，现财务负责人移动电话：***********，现办税人姓名：，现办税人固定电话：，现办税人移动电话：，现生产经营地：，现生产经营地所在行政区划：	,2018-07-03 00:00:00.0	,
西安艺星医疗美容医院有限公司	,投资人(股权)变更	,企业名称: 艺星医疗美容集团有限公司; 出资额: 1000; 百分比: 100		,企业名称: 艺星医疗美容集团股份有限公司; 出资额: 1000; 百分比: 100		,2018-07-03 00:00:00.0	,
西安艺星医疗美容医院有限公司	,章程备案	,	,出资方式：货币	,2018-08-17 00:00:00.0	,
西安艺星医疗美容医院有限公司	,主要人员备案	,姓名: 黄元立; 证件号码: ******************; 职位: 监事	姓名: 梅丽华; 证件号码: ******************; 职位: 执行董事兼总经理		,姓名: 道理; 证件号码: *****************x; 职位: 执行董事兼总经理	姓名: 林良华; 证件号码: ******************; 职位: 监事		,2018-09-14 00:00:00.0	,
西安艺星医疗美容医院有限公司	,法定代表人变更	,梅丽华	,道理	,2018-09-14 00:00:00.0	,
西安艺星医疗美容医院有限公司	,投资者变更	,梅丽华	,道理	,2018-09-14 00:00:00.0	,
西安艺星医疗美容医院有限公司	,企业联络人员、财务人员	,原联络人员姓名：景蓉，原联络人员固定电话：，原联络人员移动电话：***********，原财务负责人姓名：，原财务负责人固定电话：，原财务负责人移动电话：，原办税人姓名：，原办税人固定电话：，原办税人移动电话：，原生产经营地：，原生产经营地所在行政区划：	,现联络人员姓名：景蓉，现联络人员固定电话：，现联络人员移动电话：***********，现财务负责人姓名：杨小虎，现财务负责人固定电话：***-********，现财务负责人移动电话：***********，现办税人姓名：，现办税人固定电话：，现办税人移动电话：，现生产经营地：，现生产经营地所在行政区划：	,2018-07-03 00:00:00.0	,
西安艺星医疗美容医院有限公司	,企业联络人员、财务人员	,原联络人员姓名：，原联络人员固定电话：，原联络人员移动电话：，原财务负责人姓名：，原财务负责人固定电话：，原财务负责人移动电话：，原办税人姓名：，原办税人固定电话：，原办税人移动电话：，原生产经营地：，原生产经营地所在行政区划：	,现联络人员姓名：景蓉，现联络人员固定电话：，现联络人员移动电话：***********，现财务负责人姓名：，现财务负责人固定电话：，现财务负责人移动电话：，现办税人姓名：，现办税人固定电话：，现办税人移动电话：，现生产经营地：，现生产经营地所在行政区划：	,2017-06-21 00:00:00.0	,
重庆艺星医疗美容医院有限公司	,经营范围变更	,医院管理。（依法须经批准的项目，经相关部门批准后方可开展经营活动）	,内科/医疗美容科；美容外科；美容皮肤科；美容中医科/麻醉科/医学检验科/医学影像科。（按许可证核定的有效期限和范围从事经营）	,2015-09-10 00:00:00.0	,
重庆艺星医疗美容医院有限公司	,其他事项备案	,企业正/副本换照	,企业正/副本换照	,2016-07-14 00:00:00.0	,
重庆艺星医疗美容医院有限公司	,其他事项备案	,前置许可信息变更	,前置许可信息变更	,2015-09-10 00:00:00.0	,
重庆艺星医疗美容医院有限公司	,投资人变更（包括出资额、出资方式、出资日期、投资人名称等）	,艺星医疗美容集团有限公司	,艺星医疗美容集团股份有限公司	,2018-07-12 00:00:00.0	,
长沙艺星医学美容医院有限公司	,住所变更	,长沙市芙蓉区五一大道185-201号	,长沙市芙蓉区五一大道185-201号	,2015-11-16 00:00:00.0	,
长沙艺星医学美容医院有限公司	,联络员备案	,	,周明	,2015-11-16 00:00:00.0	,
长沙艺星医学美容医院有限公司	,财务负责人	,	,欧丽	,2015-11-16 00:00:00.0	,
长沙艺星医学美容医院有限公司	,经营范围变更	,美容外科、美容牙科、美容皮肤科、美容中医科；美容咨询设计室（医疗机构执业许可证有效期至2015年9月21日）。	,美容专科。（依法须经批准的项目，经相关部门批准后方可开展经营活动）	,2015-11-16 00:00:00.0	,
长沙艺星医学美容医院有限公司	,章程备案	,无	,2015-10-23新章程	,2015-11-16 00:00:00.0	,
长沙艺星医学美容医院有限公司	,投资人(股权)变更	,陈剑 出资 300万人民币;艺星医疗美容有限公司 出资 700万人民币;	,陈剑 出资 300万人民币;艺星医疗美容集团有限公司 出资 700万人民币;	,2015-11-16 00:00:00.0	,
长沙艺星医学美容医院有限公司	,投资人(股权)变更	,陈剑 出资 300万人民币;艺星医疗美容集团有限公司 出资 700万人民币;	,林晨 出资 300万人民币;艺星医疗美容集团有限公司 出资 700万人民币;	,2017-12-04 00:00:00.0	,
长沙艺星医学美容医院有限公司	,章程修正案备案	,无	,; 2017-11-20修改第六条	,2017-12-04 00:00:00.0	,
长沙艺星医学美容医院有限公司	,章程备案	,无	,2017-12-15新章程	,2017-12-19 00:00:00.0	,
长沙艺星医学美容医院有限公司	,投资人(股权)变更	,林晨 出资 300万人民币;艺星医疗美容集团有限公司 出资 700万人民币;	,艺星医疗美容集团有限公司 出资 1000万人民币;	,2017-12-19 00:00:00.0	,
长沙艺星医学美容医院有限公司	,企业类型变更	,有限责任公司(自然人投资或控股)	,有限责任公司（自然人投资或控股的法人独资）	,2017-12-19 00:00:00.0	,
长沙艺星医学美容医院有限公司	,股东变更	,林晨 ，艺星医疗美容集团有限公司 	,艺星医疗美容集团有限公司 	,2017-12-19 00:00:00.0	,
长沙艺星医学美容医院有限公司	,股东变更	,陈剑 ，艺星医疗美容集团有限公司 	,林晨 ，艺星医疗美容集团有限公司 	,2017-12-04 00:00:00.0	,
长沙艺星医学美容医院有限公司	,股东变更	,陈剑 ，艺星医疗美容有限公司 	,陈剑 ，艺星医疗美容集团有限公司 	,2015-11-16 00:00:00.0	,
长沙艺星医学美容医院有限公司	,高级管理人员备案（董事、监事、经理等）	,陈国雄 	,王立惠 	,2018-08-09 00:00:00.0	,
长沙艺星医学美容医院有限公司	,法定代表人变更	,陈剑	,王立惠	,2018-08-09 00:00:00.0	,
长沙艺星医学美容医院有限公司	,章程备案	,无	,2018-07-27新章程	,2018-08-09 00:00:00.0	,
长沙艺星医学美容医院有限公司	,高级管理人员备案（董事、监事、经理等）	,陈剑 	,王立惠 	,2018-08-09 00:00:00.0	,
长沙艺星医学美容医院有限公司	,高级管理人员备案（董事、监事、经理等）	,王立惠 	,欧丽 	,2018-08-09 00:00:00.0	,
长沙艺星医学美容医院有限公司	,财务负责人	,欧丽 ***	,王立惠 ***	,2018-08-09 00:00:00.0	,
长沙艺星医学美容医院有限公司	,联络员备案	,周明 *** 备案手机：***	,欧丽 *** 备案手机：*** （网上办理）	,2018-07-11 00:00:00.0	,
长沙艺星医学美容医院有限公司	,股东或股份发起人改变姓名或名称变更	,艺星医疗美容集团有限公司;	,艺星医疗美容集团股份有限公司;	,2018-07-06 00:00:00.0	,
长沙艺星医学美容医院有限公司	,章程备案	,无	,2018-06-26新章程	,2018-07-06 00:00:00.0	,
温州建国医院有限公司	,许可经营项目变更	,许可经营项目: 诊疗科目：内科、呼吸内科专业、消化内科专业、神经内科专业、心血管内科专业、外科、普通外科专业、骨科专业、泌尿外科专业、妇产科、妇科专业、产科专业、计划生育专业（放置宫内节育器、输卵（精）管结扎术、早期人工终止妊娠术）、生殖健康与不孕症专业、儿科、眼科、耳鼻咽喉科、口腔科、皮肤科、皮肤病专业、麻醉科、医学检验科、病理科、医学影像科、X线诊断专业、超声诊断专业、心电诊断专业、中医科、内科专业、骨伤科专业、肛肠科专业（在医疗机构执业许可证有效期限内经营）	,许可经营项目: 内科；呼吸内科专业；消化内科专业；神经内科专业；心血管内科专业/外科；普通外科专业；骨科专业；泌尿外科专业/妇产科；妇科专业；产科专业；计划生育专业（放置宫内节育器、取出宫内节育器、输卵<精>管结扎术、人工终止妊娠术）；生殖健康与不孕症专业/儿科/眼科/耳鼻咽喉科/腔科/皮肤科；皮肤病专业/麻醉科/医学检验科/病理科/医学影像科；X线诊断专业、超声诊断专业；心电诊断专业/中医科；内科专业；骨伤科专业；肛肠科专业（在医疗机构执业许可证有效期限内经营）	,2016-11-28 00:00:00.0	,
温州建国医院有限公司	,许可经营项目变更	,许可经营项目: 诊疗科目：内科、呼吸内科专业、消化内科专业、神经内科专业、心血管内科专业、外科、普通外科专业、骨科专业、泌尿外科专业、妇科专业、产科专业、生殖健康与不孕症专业、儿科、眼科、耳鼻咽喉科、口腔科、皮肤病专业、医疗美容科、美容外科、美容皮肤科、麻醉科、医学检验科、病理科、X线诊断专业、超声诊断专业、心电诊断专业、中医科、内科专业、骨伤科专业、肛肠科专业、计划生育专业、放置宫内节育器、输卵（精）管结扎术、早期人工终止妊娠术（医疗机构执业许可证有效期至2009年8月21日止）	,许可经营项目: 诊疗科目：内科、呼吸内科专业、消化内科专业、神经内科专业、心血管内科专业、外科、普通外科专业、骨科专业、泌尿外科专业、妇产科、妇科专业、产科专业、计划生育专业（放置宫内节育器、输卵（精）管结扎术、早期人工终止妊娠术）、生殖健康与不孕症专业、儿科、眼科、耳鼻咽喉科、口腔科、皮肤科、皮肤病专业、麻醉科、医学检验科、病理科、医学影像科、X线诊断专业、超声诊断专业、心电诊断专业、中医科、内科专业、骨伤科专业、肛肠科专业（在医疗机构执业许可证有效期限内经营）	,2012-10-24 00:00:00.0	,
温州建国医院有限公司	,变更注册号	,注册号: ********085 	,注册号: ********50036 	,2009-04-16 00:00:00.0	,
温州建国医院有限公司	,经营范围(业务范围)变更	,经营范围: 内科/呼吸内科专业/消化内科专业/神经内科专业/心血管内科专业/外科/普通外科专业/骨科专业/泌尿外科专业/妇科专业/产科专业/生殖健康与不孕症专业/儿科/眼科/耳鼻咽喉科/口腔科/皮肤科/麻醉科/医学检验科/病理科/X线诊断专业/超声诊断专业/心电诊断专业/中医科/内科专业/骨伤科专业/肛肠科专业/计划生育专业/放置宫内节育器/输卵（精）管结扎术/早期人工终止妊娠术（有效期至2009年8月21日止）行业代码: 8510	,经营范围: 许可经营项目：诊疗科目：内科、呼吸内科专业、消化内科专业、神经内科专业、心血管内科专业、外科、普通外科专业、骨科专业、泌尿外科专业、妇科专业、产科专业、生殖健康与不孕症专业、儿科、眼科、耳鼻咽喉科、口腔科、皮肤病专业、医疗美容科、美容外科、美容皮肤科、麻醉科、医学检验科、病理科、X线诊断专业、超声诊断专业、心电诊断专业、中医科、内科专业、骨伤科专业、肛肠科专业、计划生育专业、放置宫内节育器、输卵（精）管结扎术、早期人工终止妊娠术（医疗机构执业许可证有效期至2009年8月21日止）行业代码: 8511	,2009-04-10 00:00:00.0	,
温州建国医院有限公司	,法定代表人(负责人、董事长、首席代表)变更	,姓名: 陈国雄; 证件名称: ; 证件号码: ********; 性别: 男性; 职务: 监事		姓名: 朱海霞; 证件名称: ; 证件号码: ********; 性别: 女性; 职务: 执行董事兼总经理			,姓名: 陈国兴; 证件名称: ; 证件号码: ********; 性别: 男性; 职务: 监事姓名: 詹宗阳; 证件名称: ; 证件号码: ********; 性别: 男性; 职务: 总经理姓名: 朱海霞; 证件名称: ; 证件号码: ********; 性别: 女性; 职务: 执行董事	,2009-04-10 00:00:00.0	,
温州建国医院有限公司	,营业期限(有效期限、驻在期限)变更	,营业期限: 2005-3-30 至 2006-2-25			,营业期限: 2005-3-30 至 2025-3-29	,2006-11-01 00:00:00.0	,
温州建国医院有限公司	,经营范围(业务范围)变更	,经营范围: 以《医疗机构执业许可证》的诊疗科目为准（凭《医疗机构执业许可证》方可经营）行业代码: 8510	,经营范围: 内科/呼吸内科专业/消化内科专业/神经内科专业/心血管内科专业/外科/普通外科专业/骨科专业/泌尿外科专业/妇科专业/产科专业/生殖健康与不孕症专业/儿科/眼科/耳鼻咽喉科/口腔科/皮肤科/麻醉科/医学检验科/病理科/X线诊断专业/超声诊断专业/心电诊断专业/中医科/内科专业/骨伤科专业/肛肠科专业/计划生育专业/放置宫内节育器/输卵（精）管结扎术/早期人工终止妊娠术（有效期至2009年8月21日止）行业代码: 8510	,2006-11-01 00:00:00.0	,
温州建国医院有限公司	,投资人(股权)变更	,姓名: 詹宗阳; 出资额: ***; 百分比: **%姓名: 朱海霞; 出资额: ***; 百分比: **%姓名: 陈国兴; 出资额: ***; 百分比: **%企业名称: 上海美迪亚医院投资管理有限公司; 出资额: ***; 百分比: **%; 法人性质: 企业法人	,姓名: 詹宗阳; 出资额: ***; 百分比: **%姓名: 朱海霞; 出资额: ***; 百分比: **%姓名: 陈国兴; 出资额: ***; 百分比: **%企业名称: 上海美迪亚医院投资集团有限公司; 出资额: ***; 百分比: **%; 法人性质: 企业法人	,2016-11-28 00:00:00.0	,
温州建国医院有限公司	,投资人(股权)变更	,姓名: 朱海霞; 出资额: ***; 百分比: **%		企业名称: 上海闵行虹桥医院有限公司; 出资额: ***; 百分比: **%; 法人性质: 企业法人		企业名称: 上海美迪亚医院投资管理有限公司; 出资额: ***; 百分比: **%; 法人性质: 企业法人			,姓名: 詹宗阳; 出资额: ***; 百分比: **%姓名: 朱海霞; 出资额: ***; 百分比: **%姓名: 陈国兴; 出资额: ***; 百分比: **%企业名称: 上海美迪亚医院投资管理有限公司; 出资额: ***; 百分比: **%; 法人性质: 企业法人	,2009-04-10 00:00:00.0	,
温州建国医院有限公司	,住所(营业场所、地址)变更	,住所: 温州市南郊乡洛河路*号; 邮政编码: ******; 电话: ********	,住所: 温州市南郊乡洛河路*、*、*号; 邮政编码: ******; 电话: ********	,2006-11-01 00:00:00.0	,
温州建国医院有限公司	,换发统一社会信用代码执照	,注册号：********50036		组织机构代码证：********	,统一社会信用代码:9********08144K	,2016-04-14 00:00:00.0	,
温州建国医院有限公司	,经营范围变更	,内科；呼吸内科专业；消化内科专业；神经内科专业；心血管内科专业/外科；普通外科专业；骨科专业；泌尿外科专业/妇产科；妇科专业；产科专业；计划生育专业（放置宫内节育器、取出宫内节育器、输卵<精>管结扎术、人工终止妊娠术）；生殖健康与不孕症专业/儿科/眼科/耳鼻咽喉科/腔科/皮肤科；皮肤病专业/麻醉科/医学检验科/病理科/医学影像科；X线诊断专业、超声诊断专业；心电诊断专业/中医科；内科专业；骨伤科专业；肛肠科专业（在医疗机构执业许可证有效期限内经营）	,内科；呼吸内科专业；消化内科专业；神经内科专业；心血管内科专业；老年病专业/外科；普通外科专业；骨科专业；泌尿外科专业/妇产科；妇科专业；产科专业；计划生育专业（放置宫内节育器、取出宫内节育器、输卵<精>管结扎术、人工终止妊娠术）；生殖健康与不孕症专业/儿科/眼科/耳鼻咽喉科/口腔科/皮肤科；皮肤病专业；性传播疾病专业/康复医学科/麻醉科/医学检验科/病理科/医学影像科；X线诊断专业、CT诊断专业；超声诊断专业；心电诊断专业/中医科；内科专业；骨伤科专业；肛肠科专业；老年病科专业；停车场管理（依法须经批准的项目，经相关部门批准后方可开展经营活动）	,2018-08-02 00:00:00.0	,
温州建国医院有限公司	,经营范围变更	,内科；呼吸内科专业；消化内科专业；神经内科专业；心血管内科专业；老年病专业/外科；普通外科专业；骨科专业；泌尿外科专业/妇产科；妇科专业；产科专业；计划生育专业（放置宫内节育器、取出宫内节育器、输卵<精>管结扎术、人工终止妊娠术）；生殖健康与不孕症专业/儿科/眼科/耳鼻咽喉科/口腔科/皮肤科；皮肤病专业；性传播疾病专业/康复医学科/麻醉科/医学检验科/病理科/医学影像科；X线诊断专业、CT诊断专业；超声诊断专业；心电诊断专业/中医科；内科专业；骨伤科专业；肛肠科专业；老年病科专业；停车场管理（依法须经批准的项目，经相关部门批准后方可开展经营活动）	,内科；呼吸内科专业；消化内科专业；神经内科专业；心血管内科专业；老年病专业/外科；普通外科专业；骨科专业；泌尿外科专业/妇产科；妇科专业；产科专业；计划生育专业（放置宫内节育器、取出宫内节育器、输卵<精>管结扎术、人工终止妊娠术）；生殖健康与不孕症专业/儿科/眼科/耳鼻咽喉科/口腔科/皮肤科；皮肤病专业；性传播疾病专业 /医疗美容科；美容外科；美容皮肤科 /康复医学科/麻醉科/重症医学科/医学检验科/病理科/医学影像科；X线诊断专业、CT诊断专业；超声诊断专业；心电诊断专业/中医科；内科专业；骨伤科专业；肛肠科专业；老年病科专业 /养老服务 /家政服务 /停车场管理（依法须经批准的项目，经相关部门批准后方可开展经营活动）	,2019-10-11 00:00:00.0	,
温州建国医院有限公司	,高级管理人员备案	,姓名: 朱海霞; 证件号码: ***************; 职位: 执行董事;	姓名: 詹宗阳; 证件号码: ******************; 职位: 总经理;	姓名: 陈国兴; 证件号码: ******************; 职位: 监事;		,姓名: 朱海霞; 证件号码: ***************; 职位: 执行董事;	姓名: 詹宗阳; 证件号码: ******************; 职位: 总经理;	姓名: 詹建光; 证件号码: ******************; 职位: 监事;		,2019-10-11 00:00:00.0	,
大连艺星医疗美容医院有限公司	,财务负责人	,	,刘阳	,2016-05-27 00:00:00.0	,
大连艺星医疗美容医院有限公司	,投资人变更（包括出资额、出资方式、出资日期、投资人名称等）	,1潘娟芳;2艺星医疗美容有限公司;	,1潘娟芳;2艺星医疗美容集团有限公司;	,2016-05-27 00:00:00.0	,
大连艺星医疗美容医院有限公司	,联络员备案	,	,潘娜	,2016-05-27 00:00:00.0	,
大连艺星医疗美容医院有限公司	,市场主体类型变更	,其他有限责任公司	,有限责任公司(自然人投资或控股的法人独资)	,2018-02-12 00:00:00.0	,
大连艺星医疗美容医院有限公司	,投资人变更（包括出资额、出资方式、出资日期、投资人名称等）	,1潘娟芳;2艺星医疗美容集团有限公司;	,1艺星医疗美容集团有限公司;	,2018-02-12 00:00:00.0	,
大连艺星医疗美容医院有限公司	,负责人变更（法定代表人、负责人、首席代表、合伙事务执行人等变更）	,潘娟芳	,黄爱成	,2018-02-12 00:00:00.0	,
大连艺星医疗美容医院有限公司	,高级管理人员备案（董事、监事、经理等）	,1潘娟芳执行董事;2王立惠监事;3潘娟芳经理;	,1黄爱成执行董事兼总经理;2王立惠监事;	,2018-02-12 00:00:00.0	,
大连艺星医疗美容医院有限公司	,市场主体类型变更	,有限责任公司(自然人投资或控股的法人独资)	,有限责任公司（非自然人投资或控股的法人独资）	,2018-07-10 00:00:00.0	,
大连艺星医疗美容医院有限公司	,投资人变更（包括出资额、出资方式、出资日期、投资人名称等）	,1艺星医疗美容集团有限公司;	,1艺星医疗美容集团股份有限公司;	,2018-07-10 00:00:00.0	,
上海艺星医疗美容医院有限公司	,投资人(股权)变更	,艺星医疗美容有限公司;	,艺星医疗美容集团有限公司;	,2016-03-18 00:00:00.0	,
上海艺星医疗美容医院有限公司	,章程修正案备案	,无	,2016-02-18章程修正案	,2016-03-18 00:00:00.0	,
上海艺星医疗美容医院有限公司	,住所变更	,上海市长宁区虹桥路1165号1－4层	,上海市长宁区虹桥路1165号1－8层	,2018-01-19 00:00:00.0	,
上海艺星医疗美容医院有限公司	,章程备案	,无	,2018-06-28章程备案	,2018-07-02 00:00:00.0	,
上海艺星医疗美容医院有限公司	,投资人(股权)变更	,艺星医疗美容集团有限公司;	,艺星医疗美容集团股份有限公司;	,2018-07-02 00:00:00.0	,
黑龙江艺星美容医院有限公司	,负责人变更（法定代表人、负责人、首席代表、合伙事务执行人等变更）变更	,宋开育	,黄爱成	,2016-05-30 00:00:00.0	,
黑龙江艺星美容医院有限公司	,经营范围变更（含业务范围变更）变更	,外科：整形外科专业、医疗美容科；美容牙科；美容皮肤科；美容中医科（中医推拿美容）、麻醉科、医学检验科；医学影像科；超声诊断专业；心电诊断专业。（医疗机构执业许可证至2019年6月12日）	,外科：整形外科专业、医疗美容科；美容皮肤科；美容中医科（中医推拿美容）、麻醉科、医学检验科；医学影像科；超声诊断专业；心电诊断专业。（医疗机构执业许可证至2019年6月12日）	,2016-02-26 00:00:00.0	,
黑龙江艺星美容医院有限公司	,高级管理人员备案（董事、监事、经理等）变更	,王立惠;宋开育;	,王立惠;黄爱成;	,2016-05-30 00:00:00.0	,
黑龙江艺星美容医院有限公司	,地址变更（住所地址、经营场所、驻在地址等变更）变更	,哈尔滨市道里区友谊路425号AB座-1-3层1号	,哈尔滨市道里区友谊路425号AB座1-5层1号	,2018-01-30 00:00:00.0	,
黑龙江艺星美容医院有限公司	,投资人变更（包括出资额、出资方式、出资日期、投资人名称等）变更	,艺星医疗美容集团有限公司;	,艺星医疗美容集团股份有限公司:*%;	,2018-07-05 00:00:00.0	,
黑龙江艺星美容医院有限公司	,投资人变更（包括出资额、出资方式、出资日期、投资人名称等）变更	,艺星医疗美容集团有限公司;	,艺星医疗美容集团股份有限公司:100%;	,2018-07-05 00:00:00.0	,
黑龙江艺星美容医院有限公司	,其他事项备案	,艺星医疗美容集团有限公司;	,艺星医疗美容集团股份有限公司:*%;	,2018-07-05 00:00:00.0	,
武汉艺星医疗美容门诊部有限公司	,投资人变更（包括出资额、出资方式、出资日期、投资人名称等）变更	,艺星医疗美容有限公司;	,艺星医疗美容集团有限公司;	,2016-03-24 00:00:00.0	,
武汉艺星医疗美容门诊部有限公司	,章程备案	,无	,无	,2019-05-29 00:00:00.0	,
武汉艺星医疗美容门诊部有限公司	,期限变更（经营期限、营业期限、驻在期限等变更）	,2019-07-01	,长期	,2019-05-29 00:00:00.0	,
武汉艺星医疗美容门诊部有限公司	,投资人变更（包括出资额、出资方式、出资日期、投资人名称等）	,艺星医疗美容集团有限公司:*%;	,艺星医疗美容集团股份有限公司:*%;	,2019-05-29 00:00:00.0	,
武汉艺星医疗美容门诊部有限公司	,投资人变更（包括出资额、出资方式、出资日期、投资人名称等）	,陈国雄（监事）、曾建伟（执行董事兼总经理）	,王立惠（监事）、曾建伟（执行董事兼总经理）	,2019-08-19 00:00:00.0	,
武汉艺星医疗美容门诊部有限公司	,高级管理人员备案（董事、监事、经理等）	,陈国雄（监事）、曾建伟（执行董事兼总经理）	,王立惠（监事）、曾建伟（执行董事兼总经理）	,2019-08-19 00:00:00.0	,
杭州建国妇科医院有限公司	,一般经营项目变更	,一般经营项目: 内科、普通外科专业、整形外科专业、妇科专业、生殖健康与不孕症专业、妇女保健科、医疗美容科、麻醉科、医学检验科、X线诊断专业、超声诊断专业、心电诊断专业、中医妇科、中医皮肤科、中医内科、计划生育专业（以上科目均不含性传播疾病）（有效期至2010年6月26日）；美容（生活类美容）（有效期至2010年12月31日）; 			,一般经营项目: 内科、普通外科专业、泌尿外科专业、整形外科专业、妇科专业、生殖健康与不孕症专业、儿科、医疗美容科、麻醉科、医学检验科、X线诊断专业、超声诊断专业、心电诊断专业、妇女保健科、产后护理专业、中医妇科、中医皮肤科、中医内科、计划生育专业（以上科目均不含性传播疾病）（有效期至2012年6月29日）；美容（生活类美容）（有效期至2010年12月31日）; 	,2010-05-21 00:00:00.0	,
杭州建国妇科医院有限公司	,行业代码变更	,行业: 医院; 		股东:  浙江美迪亚医院投资管理有限公司， 240万; 上海美迪亚医院投资管理有限公司， 840万; 程慧斌， 120万; 			,行业: 专科医院; 股东:  上海美迪亚医院投资管理有限公司， 1080万; 程慧斌， 120万; 	,2009-03-24 00:00:00.0	,
杭州建国妇科医院有限公司	,名称变更	,企业名称: 杭州建国医院有限公司; 		经营范围: 内科、普通外科专业、泌尿外科专业、整形外科专业、妇科专业、生殖健康与不孕症专业、妇女保健科、口腔科、医疗美容科、麻醉科、医学检验科、X线诊断专业、超声诊断专业、心电诊断专业、中医妇科、中医皮肤科、中医内科、计划生育专业（人流：限负压吸引、钳刮术；放置宫内节育环）（以上科目均不含性传播疾病）（有效期至2010年1月10日）；美容（生活类美容）（有效期至2010年12月31日）; 		注册号: ********053; 			,企业名称: 杭州建国妇科医院有限公司; 经营范围: 内科、普通外科专业、整形外科专业、妇科专业、生殖健康与不孕症专业、妇女保健科、医疗美容科、麻醉科、医学检验科、X线诊断专业、超声诊断专业、心电诊断专业、中医妇科、中医皮肤科、中医内科、计划生育专业（以上科目均不含性传播疾病）（有效期至2010年6月26日）；美容（生活类美容）（有效期至2010年12月31日）; 注册号: ********; 	,2008-02-28 00:00:00.0	,
杭州建国妇科医院有限公司	,经营范围(业务范围)变更	,经营范围: 内科、外科、妇科、不孕不育、妇女保健科、中医妇产科、医学检验科、临床体液、血液、临床生化检验、医学影像科、X线诊断、超声诊断、心电诊断、临床免疫、血清学、临床微生物学、口腔科、医疗美容科、计划生育（限负压吸宫术、钳刮术）、麻醉科（以上科目均不含性传播疾病）（有效期至2008年8月14日）；生活类美容（有效期至2006年12月31日）; 			,经营范围: 内科、普通外科专业、泌尿外科专业、整形外科专业、妇科专业、生殖健康与不孕症专业、妇女保健科、口腔科、医疗美容科、麻醉科、医学检验科、X线诊断专业、超声诊断专业、心电诊断专业、中医妇科、中医皮肤科、中医内科、计划生育专业（人流：限负压吸引、钳刮术；放置宫内节育环）（以上科目均不含性传播疾病）（有效期至2010年1月10日）；美容（生活类美容）（有效期至2010年12月31日）; 	,2007-04-11 00:00:00.0	,
杭州建国妇科医院有限公司	,经营范围(业务范围)变更	,经营范围: 内科、外科（泌尿外科）、妇产科（妇科、不孕不育）、妇女保健科、中医妇女科、医学检验科、临床体液、血液、临床生化检验、医学影像科、X线诊断、超声诊断、心电诊断（以上科目均不含性传播疾病）（有效期至2007年3月7日）。; 		股东:  杭州市下城区红十字会医院， 120万; 浙江美迪亚医院投资管理有限公司， 240万; 上海美迪亚医院投资管理有限公司， 840万; 			,经营范围: 内科、外科、妇科、不孕不育、妇女保健科、中医妇产科、医学检验科、临床体液、血液、临床生化检验、医学影像科、X线诊断、超声诊断、心电诊断、临床免疫、血清学、临床微生物学、口腔科、医疗美容科、计划生育（限负压吸宫术、钳刮术）、麻醉科（以上科目均不含性传播疾病）（有效期至2008年8月14日）；生活类美容（有效期至2006年12月31日）; 股东:  浙江美迪亚医院投资管理有限公司， 240万; 上海美迪亚医院投资管理有限公司， 840万; 程慧斌， 120万; 	,2005-09-15 00:00:00.0	,
杭州建国妇科医院有限公司	,经营范围(业务范围)变更	,主营:医院筹建。其他无需报经审批的一切合法项目。***;	,主营:内科、外科（泌尿外科）、妇产科（妇科、不孕不育）、妇女保健科、中医妇女科、医学检验科、临床体液、血液、临床生化检验、医学影像科、X线诊断、超声诊断、心电诊断（以上科目均不含性传播疾病）（有效期至2007年3月7日）。;	,2004-03-17 00:00:00.0	,
杭州建国妇科医院有限公司	,清算组成员备案	,	,清算组成员: 程慧斌、陈国兴、吴潮梅、汪潇、颜孙坤; 清算组组长: 陈国兴; 地址: 下城区建国北路149号; 联系方式: *****		,2018-02-12 00:00:00.0	,
北京市艺星国际医学美容研究院	,企业名称	,北京市维纳斯国际医学美容研究院	,北京市艺星国际医学美容研究院	,2014-01-17 00:00:00.0	,
北京市艺星国际医学美容研究院	,住所	,北京市朝阳区东坝乡焦庄甲2号A座2312-2	,北京市门头沟区石龙经济开发区永安路20号3幢B1-2591室	,2012-02-14 00:00:00.0	,
北京市艺星国际医学美容研究院	,股东改变姓名或名称	,陈国雄 维纳斯医疗美容有限公司 	,陈国雄 艺星医疗美容有限公司 	,2011-02-16 00:00:00.0	,
北京市艺星国际医学美容研究院	,法定代表人	,陈国雄	,卓宁志	,2019-10-14 00:00:00.0	,
北京市艺星国际医学美容研究院	,投资人	,1 陈国雄 自然人股东2 维纳斯医疗美容有限公司 法人股东	,1 陈国雄 自然人股东2 艺星医疗美容集团股份有限公司 法人股东	,2019-10-14 00:00:00.0	,
北京市艺星国际医学美容研究院	,股东改变姓名或名称	,艺星医疗美容有限公司 陈国雄 	,艺星医疗美容集团股份有限公司 陈国雄 	,2019-10-14 00:00:00.0	,
北京市艺星国际医学美容研究院	,董事（理事）、经理、监事	,（注：标有*标志的为法定代表人）1 陈国雄* 执行董事2 陈国雄* 经理3 林长青 监事	,（注：标有*标志的为法定代表人）1 卓宁志* 执行董事2 卓宁志* 经理3 林长青 监事	,2019-10-14 00:00:00.0	,
济南市艺星医疗美容医院有限公司	,法定代表人（负责人）变更	,陈伟军	,易明	,2016-11-25 00:00:00.0	,
济南市艺星医疗美容医院有限公司	,董事备案	,姓名:陈伟军，证件类型:中华人民共和国居民身份证，职务:执行董事兼总经理，证件号码:***********，联系电话:***********;姓名:陈志雄，证件类型:中华人民共和国居民身份证，职务:监事，证件号码:***********，联系电话:;	,姓名:易明，证件类型:中华人民共和国居民身份证，职务:执行董事兼经理，证件号码:***********，联系电话:***********;姓名:陈志雄，证件类型:中华人民共和国居民身份证，职务:监事，证件号码:***********，联系电话:;	,2016-11-25 00:00:00.0	,
济南市艺星医疗美容医院有限公司	,经理备案	,姓名:陈伟军，证件类型:中华人民共和国居民身份证，职务:执行董事兼总经理，证件号码:***********，联系电话:***********;姓名:陈志雄，证件类型:中华人民共和国居民身份证，职务:监事，证件号码:***********，联系电话:;	,姓名:易明，证件类型:中华人民共和国居民身份证，职务:执行董事兼经理，证件号码:***********，联系电话:***********;姓名:陈志雄，证件类型:中华人民共和国居民身份证，职务:监事，证件号码:***********，联系电话:;	,2016-11-25 00:00:00.0	,
济南市艺星医疗美容医院有限公司	,股东发起人	,股东（发起人）名称:艺星医疗美容集团有限公司，证件(照)类型:其他有效身份证件，证件(照)号码:，认缴出资额:1000万，币种:，认缴出资额折万美元:0，认缴出资方式:货币，认缴出资时间:2025-12-31;	,股东（发起人）名称:艺星医疗美容集团股份有限公司，证件(照)类型:企业法人营业执照(公司)，证件(照)号码:****，认缴出资额:1000万，币种:，认缴出资额折万美元:，认缴出资方式:货币，认缴出资时间:2025-12-31;	,2018-07-09 00:00:00.0	,
济南市艺星医疗美容医院有限公司	,章程（修正）	,	,	,2018-07-09 00:00:00.0	,
济南市艺星医疗美容医院有限公司	,监事	,姓名:易明，证件类型:中华人民共和国居民身份证，职务:执行董事兼经理，证件号码:****，联系电话:****;姓名:陈志雄，证件类型:中华人民共和国居民身份证，职务:监事，证件号码:****，联系电话:;	,姓名:易明，证件类型:中华人民共和国居民身份证，职务:执行董事兼经理，证件号码:****，联系电话:****;姓名:杨飞耿，证件类型:中华人民共和国居民身份证，职务:监事，证件号码:****，联系电话:;	,2018-07-09 00:00:00.0	,
济南市艺星医疗美容医院有限公司	,经理	,姓名:陈伟军，证件类型:中华人民共和国居民身份证，职务:执行董事兼总经理，证件号码:****，联系电话:****-55656666;姓名:陈志雄，证件类型:中华人民共和国居民身份证，职务:监事，证件号码:****，联系电话:;	,姓名:易明，证件类型:中华人民共和国居民身份证，职务:执行董事兼经理，证件号码:****，联系电话:****-55656666;姓名:陈志雄，证件类型:中华人民共和国居民身份证，职务:监事，证件号码:****，联系电话:;	,2016-11-25 00:00:00.0	,
上海闵行虹桥医院有限公司	,章程备案	,无	,2017-02-14章程备案	,2017-03-13 00:00:00.0	,
上海闵行虹桥医院有限公司	,投资人(股权)变更	,陈国兴;陈国雄;	,上海美迪亚医院投资集团有限公司;浙江美迪亚医院投资管理有限公司;陈国涛;张金寿;	,2017-03-13 00:00:00.0	,
上海闵行虹桥医院有限公司	,法定代表人变更	,陈国兴	,张金寿	,2017-03-13 00:00:00.0	,
上海闵行虹桥医院有限公司	,监事备案	,陈国雄	,陈国涛	,2017-03-13 00:00:00.0	,
上海闵行虹桥医院有限公司	,经营范围变更	,内科；呼吸内科专业；消化内科专业；神经内科专业；心血管内科专业；内分泌专业；老年病专业/外科；泌尿外科专业/妇产科；妇科专业/儿科；小儿消化专业；小儿呼吸专业/眼科/耳鼻咽喉科/口腔科/皮肤科/麻醉科/医学检验科/医学影像科/中医科。【依法须经批准的项目，经相关部门批准后方可开展经营活动】	,内科；呼吸内科专业；消化内科专业；神经内科专业；心血管内科专业；内分泌专业；老年病专业/外科；泌尿外科专业/妇产科；妇科专业/儿科；小儿消化专业；小儿呼吸专业/眼科/耳鼻咽喉科/口腔科/皮肤科/麻醉科/医学检验科/医学影像科/中医科，日用品、化妆品、眼镜（不含隐形眼镜及护理液）的销售，食品流通。。【依法须经批准的项目，经相关部门批准后方可开展经营活动】	,2015-10-29 00:00:00.0	,
上海闵行虹桥医院有限公司	,许可经营项目变更	,无	,营利性医疗机构	,2014-09-16 00:00:00.0	,
上海闵行虹桥医院有限公司	,经营范围变更	,泌尿科、外科、妇科、中医科、皮肤科、口腔科、医学检验科、医学影像科，（涉及许可经营的凭许可证经营）。	,内科；呼吸内科专业；消化内科专业；神经内科专业；心血管内科专业；内分泌专业；老年病专业/外科；泌尿外科专业/妇产科；妇科专业/儿科；小儿消化专业；小儿呼吸专业/眼科/耳鼻咽喉科/口腔科/皮肤科/麻醉科/医学检验科/医学影像科/中医科。【依法须经批准的项目，经相关部门批准后方可开展经营活动】	,2014-09-16 00:00:00.0	,
上海闵行虹桥医院有限公司	,一般经营项目变更	,泌尿科、外科、妇科、中医科、皮肤科、口腔科、医学检验科、医学影像科，（涉及许可经营的凭许可证经营）。	,无	,2014-09-16 00:00:00.0	,
上海闵行虹桥医院有限公司	,行业代码变更	,门诊部（所）	,门诊部（所）	,2017-12-11 00:00:00.0	,
上海闵行虹桥医院有限公司	,许可经营项目变更	,营利性医疗机构	,营利性医疗机构	,2017-12-11 00:00:00.0	,
上海闵行虹桥医院有限公司	,章程修正案备案	,2017-02-14章程备案	,2017-12-01章程修正案	,2017-12-11 00:00:00.0	,
上海闵行虹桥医院有限公司	,经营范围变更	,内科；呼吸内科专业；消化内科专业；神经内科专业；心血管内科专业；内分泌专业；老年病专业/外科；泌尿外科专业/妇产科；妇科专业/儿科；小儿消化专业；小儿呼吸专业/眼科/耳鼻咽喉科/口腔科/皮肤科/麻醉科/医学检验科/医学影像科/中医科，日用品、化妆品、眼镜（不含隐形眼镜及护理液）的销售，食品流通。。【依法须经批准的项目，经相关部门批准后方可开展经营活动】	,内科；呼吸内科专业；消化内科专业；神经内科专业；心血管内科专业；内分泌专业；老年病专业/外科；泌尿外科专业/妇产科；妇科专业/儿科；小儿消化专业；小儿呼吸专业；小儿神经病学专业/眼科/耳鼻咽喉科/口腔科/皮肤科/精神科；精神卫生专业（门诊）/康复医学科/麻醉科/医学检验科/医学影像科/中医科，日用品、化妆品、眼镜（不含隐形眼镜及护理液）的销售，食品销售。【依法须经批准的项目，经相关部门批准后方可开展经营活动】	,2017-12-11 00:00:00.0	,
上海闵行虹桥医院有限公司	,一般经营项目变更	,日用品、化妆品、眼镜（不含隐形眼镜及护理液）的销售，食品流通。	,日用品、化妆品、眼镜（不含隐形眼镜及护理液）的销售。	,2017-12-11 00:00:00.0	,
上海闵行虹桥医院有限公司	,章程修正案备案	,无	,2018-09-18章程修正案	,2018-10-08 00:00:00.0	,
上海闵行虹桥医院有限公司	,监事备案	,陈国涛	,郑国栋	,2018-10-08 00:00:00.0	,
上海闵行虹桥医院有限公司	,投资人(股权)变更	,浙江美迪亚医院投资管理有限公司;上海美迪亚医院投资集团有限公司;张金寿;陈国涛;	,浙江美迪亚医院投资管理有限公司;张金寿;上海美迪亚医院投资集团有限公司;郑国栋;	,2018-10-08 00:00:00.0	,
昆山虹桥医院有限公司	,股东名称变更	,上海美迪亚医院投资管理有限公司，陈国兴，詹国城，詹亚强	,上海美迪亚医院投资集团有限公司，陈国兴，詹国城，詹亚强	,2016-11-28 00:00:00.0	,
无锡虹桥医院有限公司	,股东变更	,上海美迪亚医院投资集团有限公司，陈国兴，郑梅华，林育宏，王为民	,上海美迪亚医院投资集团有限公司，浙江美迪亚医院投资管理有限公司，上海复以创业投资有限公司，林育宏，王为民	,2016-10-25 00:00:00.0	,
无锡虹桥医院有限公司	,股东变更	,上海美迪亚医院投资管理有限公司，陈国兴，郑梅华，林育宏，王为民	,上海美迪亚医院投资集团有限公司，陈国兴，郑梅华，林育宏，王为民	,2014-10-22 00:00:00.0	,
无锡虹桥医院有限公司	,法定代表人变更	,林育宏	,王为民	,2009-08-07 00:00:00.0	,
无锡虹桥医院有限公司	,股东变更	,陈国兴，郑梅华，上海美迪亚医院投资管理有限公司，林育宏	,上海美迪亚医院投资管理有限公司，陈国兴，郑梅华，林育宏，王为民	,2009-08-07 00:00:00.0	,
无锡虹桥医院有限公司	,经营范围	,医院的管理服务。	,内科、外科、妇产科、儿科、眼科、耳鼻咽喉科、口腔科、肿瘤科、急诊医学科、康复医学科、中医科、中西医结合科、麻醉科、病理科、医学检验科、医学影像科、药剂科、皮肤病专科的诊疗。（上述经营范围涉及专项审批的，经批准<含证>后方可经营）	,2005-03-22 00:00:00.0	,
艺星文化传播有限公司	,经营范围变更	,文化艺术交流策划（不得从事广告代理），企业形象策划，市场营销策划，图文设计制作，摄影服务（除冲印），展览展示服务，会务服务，电子商务（不得从事增值电信、金融业务），市场信息咨询与调查（不得从事社会调查、社会调研、民意调查、民意测验），财务咨询（不得从事代理记帐），旅游咨询（不得从事旅行社业务），实业投资，投资管理，资产管理，计算机服务（除互联网上网服务营业场所）。【依法须经批准的项目，经相关部门批准后方可开展经营活动】	,文化艺术交流策划，企业形象策划，市场营销策划，图文设计、制作，摄影服务，展览展示服务，会务服务，电子商务（不得从事金融业务），市场信息咨询与调查（不得从事社会调查、社会调研、民意调查、民意测验），财务咨询，旅游咨询，计算机服务。【依法须经批准的项目，经相关部门批准后方可开展经营活动】	,2017-12-19 00:00:00.0	,
艺星文化传播有限公司	,章程备案	,无	,2017-12-01章程备案	,2017-12-19 00:00:00.0	,
艺星文化传播有限公司	,住所变更	,上海市闵行区万源路2800号S105室	,上海市奉贤区奉浦工业区奉浦大道111号4楼1496室	,2017-12-19 00:00:00.0	,
艺星文化传播有限公司	,一般经营项目变更	,文化艺术交流策划（不得从事广告代理），企业形象策划，市场营销策划，图文设计制作，摄影服务（除冲印），展览展示服务，会务服务，电子商务（不得从事增值电信、金融业务），市场信息咨询与调查（不得从事社会调查、社会调研、民意调查、民意测验），财务咨询（不得从事代理记帐），旅游咨询（不得从事旅行社业务），实业投资，投资管理，资产管理，计算机服务（除互联网上网服务营业场所）	,文化艺术交流策划，企业形象策划，市场营销策划，图文设计、制作，摄影服务，展览展示服务，会务服务，电子商务（不得从事金融业务），市场信息咨询与调查（不得从事社会调查、社会调研、民意调查、民意测验），财务咨询，旅游咨询，计算机服务。	,2017-12-19 00:00:00.0	,
艺星文化传播有限公司	,章程修正案备案	,无	,2018-09-12章程修正案	,2018-09-19 00:00:00.0	,
艺星文化传播有限公司	,投资人(股权)变更	,艺星医疗美容集团有限公司;	,艺星医疗美容集团股份有限公司;	,2018-09-19 00:00:00.0	,
艺星生物科技有限公司	,经营范围变更	,从事生物科技领域内的技术开发、技术咨询、技术服务、技术转让，化妆品的销售。【依法须经批准的项目，经相关部门批准后方可开展经营活动】	,从事生物科技领域内的技术开发、技术咨询、技术服务、技术转让，化妆品的销售，医疗器械经营。【依法须经批准的项目，经相关部门批准后方可开展经营活动】	,2018-03-27 00:00:00.0	,
艺星生物科技有限公司	,章程备案	,无	,2018-03-26章程备案	,2018-03-27 00:00:00.0	,
艺星生物科技有限公司	,一般经营项目变更	,从事生物科技领域内的技术开发、技术咨询、技术服务、技术转让，化妆品的销售	,从事生物科技领域内的技术开发、技术咨询、技术服务、技术转让，化妆品的销售，医疗器械经营	,2018-03-27 00:00:00.0	,
艺星生物科技有限公司	,投资人(股权)变更	,艺星医疗美容集团有限公司;	,艺星医疗美容集团股份有限公司;	,2018-07-05 00:00:00.0	,
艺星生物科技有限公司	,章程修正案备案	,无	,2018-07-04章程修正案	,2018-07-05 00:00:00.0	,
艺星生物科技有限公司	,监事备案	,许赛斌	,姚蓓虹	,2018-09-25 00:00:00.0	,
艺星生物科技有限公司	,章程修正案备案	,无	,2018-10-29章程修正案	,2018-11-02 00:00:00.0	,
艺星生物科技有限公司	,住所变更	,中国（上海）自由贸易试验区祖冲之路1077号2幢3323-A室	,上海市闵行区吴中路686弄2号5幢1101-1103室	,2018-11-02 00:00:00.0	,
艺星生物科技有限公司	,法定代表人变更	,郜岩	,程智斌	,2019-09-19 00:00:00.0	,
杭州艺星电子商务有限公司	,集团名称变更	,原邮政编码：310052	,新邮政编码：310051	,2017-04-18 00:00:00.0	,
杭州艺星电子商务有限公司	,住所变更	,杭州市滨江区长河街道建业路***号华创大厦*层***室	,浙江省杭州市滨江区聚业路**号金绣国际科技中心B座***室	,2017-04-18 00:00:00.0	,
杭州艺星电子商务有限公司	,邮政编码变更	,原邮政编码：310052	,新邮政编码：310051	,2017-04-18 00:00:00.0	,
杭州艺星电子商务有限公司	,章程修正案备案	,	,章程修正案调整	,2017-04-18 00:00:00.0	,
杭州艺星电子商务有限公司	,管辖单位变更	,长河所	,西兴所	,2017-04-18 00:00:00.0	,
杭州艺星电子商务有限公司	,法定代表人变更	,汪一晶	,江溢	,2018-03-27 00:00:00.0	,
杭州艺星电子商务有限公司	,高级管理人员备案	,姓名: 江溢; 证件号码: ******************; 职位: 董事长	姓名: 汪一晶; 证件号码: ******************; 职位: 董事兼总经理	姓名: 王立惠; 证件号码: ******************; 职位: 监事	姓名: 郦惠君; 证件号码: ******************; 职位: 董事		,姓名: 江溢; 证件号码: ******************; 职位: 执行董事兼总经理	姓名: 王立惠; 证件号码: ******************; 职位: 监事		,2018-03-27 00:00:00.0	,
杭州艺星电子商务有限公司	,章程备案	,	,	,2018-03-27 00:00:00.0	,
杭州艺星电子商务有限公司	,投资人(股权)备案	,企业名称: 艺星医疗美容集团有限公司; 出资额: ***万; 百分比: ***%		,企业名称: 艺星医疗美容集团股份有限公司; 出资额: ***万; 百分比: ***%		,2018-07-11 00:00:00.0	,
杭州天目山医院有限公司	,名称变更	,杭州天目山妇产医院有限公司	,杭州天目山医院有限公司	,2017-07-28 00:00:00.0	,
杭州天目山医院有限公司	,许可经营项目变更	,许可经营项目: 服务：预防保健科、内科、外科（泌尿外科专业）、妇产科（妇科专业、产科专业、计划生育专业）、儿科（新生儿专业）、急诊医学科、麻醉科、医学检验科、病理科、医学影像科（X线诊断专业、CT诊断专业、超声诊断专业、心电诊断专业）、中医科、中西医结合科，在有效期内方可经营）。; 			,许可经营项目: 服务：预防保健科、内科、外科（泌尿外科专业）、妇产科（妇科专业、产科专业、计划生育专业）、儿科（新生儿专业）、急诊医学科、麻醉科、医学检验科、病理科、医学影像科（X线诊断专业、CT诊断专业、超声诊断专业、心电诊断专业）、中医科、中西医结合科）。; 	,2016-06-17 00:00:00.0	,
杭州天目山医院有限公司	,许可经营项目变更	,许可经营项目: 服务：妇产科（妇科专业、产科专业、计划生育专业），内科，消化内科专业，外科等科诊疗（具体详见《中华人民共和国医疗机构执业许可证》内容，有效期至2013年8月31日）。; 			,许可经营项目: 服务：预防保健科、内科、外科（泌尿外科专业）、妇产科（妇科专业、产科专业、计划生育专业）、儿科（新生儿专业）、急诊医学科、麻醉科、医学检验科、病理科、医学影像科（X线诊断专业、CT诊断专业、超声诊断专业、心电诊断专业）、中医科、中西医结合科，在有效期内方可经营）。; 	,2013-09-10 00:00:00.0	,
杭州天目山医院有限公司	,名称变更	,企业名称: 杭州天目山医院有限公司; 		许可经营项目: 服务：内科、消化内科专业、外科等科诊疗（具体详见《中华人民共和国医疗机构执业许可证》内容，有效期至2013年8月31日）。; 		营业期限: 2005-2-2 至 2013-8-31; 			,企业名称: 杭州天目山妇产医院有限公司; 许可经营项目: 服务：妇产科（妇科专业、产科专业、计划生育专业），内科，消化内科专业，外科等科诊疗（具体详见《中华人民共和国医疗机构执业许可证》内容，有效期至2013年8月31日）。; 营业期限: 2005-2-2 至 2025-2-1; 	,2013-04-28 00:00:00.0	,
杭州天目山医院有限公司	,行业代码变更	,行业: 卫生; 		一般经营项目: 内科、消化内科专业、外科等科诊疗（具体详见《中华人民共和国医疗机构执业许可证》内容，有效期至2011年8月30日）***; 		许可经营项目: ; 		营业期限: 2005-2-2 至 2011-8-30; 		组织机构:  敖晨 职务: 董事; 王为民 职务: 董事长兼总经理; 严斌 职务: 董事; 周世盟 职务: 监事; 			,行业: 综合医院; 一般经营项目: ; 许可经营项目: 服务：内科、消化内科专业、外科等科诊疗（具体详见《中华人民共和国医疗机构执业许可证》内容，有效期至2013年8月31日）。; 营业期限: 2005-2-2 至 2013-8-31; 组织机构:  陈国雄 职务: 监事; 王为民 职务: 执行董事; 徐贤臻 职务: 经理; 	,2011-08-26 00:00:00.0	,
杭州天目山医院有限公司	,经营范围(业务范围)变更	,经营范围: 预防保健科、内科、消化内科专业、急诊医学科、外科等科诊疗（具体详见《中华人民共和国医疗机构执业许可证》内容，有效期至2008年6月30日）***; 		营业期限: 2005-2-2 至 2008-6-30; 			,经营范围: 内科、消化内科专业、外科等科诊疗（具体详见《中华人民共和国医疗机构执业许可证》内容，有效期至2011年8月30日）***; 营业期限: 2005-2-2 至 2011-8-30; 	,2008-07-15 00:00:00.0	,
杭州天目山医院有限公司	,经营范围(业务范围)变更	,经营范围: 筹建天目山医院***; 		营业期限: 2005-2-2 至 2006-2-1; 			,经营范围: 预防保健科、内科、消化内科专业、急诊医学科、外科等科诊疗（具体详见《中华人民共和国医疗机构执业许可证》内容，有效期至2008年6月30日）***; 营业期限: 2005-2-2 至 2008-6-30; 	,2005-10-27 00:00:00.0	,
杭州天目山医院有限公司	,法定代表人变更	,法定代表人(负责人): 王为民; 		企业类型: 私营有限责任公司(自然人控股或私营性质企业控股); 		许可经营项目: 服务：预防保健科、内科、外科（泌尿外科专业）、妇产科（妇科专业、产科专业、计划生育专业）、儿科（新生儿专业）、急诊医学科、麻醉科、医学检验科、病理科、医学影像科（X线诊断专业、CT诊断专业、超声诊断专业、心电诊断专业）、中医科、中西医结合科）。; 		股东:  陈国兴， ***万; 陈国雄， ***万; 王为民， ***万; 		组织机构:  陈国雄 职务: 监事; 王为民 职务: 执行董事; 徐贤臻 职务: 经理; 			,法定代表人(负责人): 曾真; 		企业类型: 其他有限责任公司; 		许可经营项目: 服务：预防保健科、内科、外科（泌尿外科专业）、妇产科（妇科专业、产科专业、计划生育专业）、生殖健康与不孕症专业（不开展人类辅助生殖技术）、儿科（新生儿专业）、眼科、康复医学科、麻醉科、医学检验科、病理科、医学影像科（X线诊断专业、CT诊断专业、超声诊断专业、心电诊断专业）、中医科、中西医结合科（急诊室）。; 		股东:  浙江美迪亚医院投资管理有限公司， ***万; 上海美迪亚医院投资集团有限公司， ***万; 		组织机构:  陈国雄 职务: 监事; 曾真 职务: 执行董事兼总经理; 			,2016-11-30 00:00:00.0	,
杭州天目山医院有限公司	,换发统一社会信用代码执照	,注册号：********40800		组织机构代码证：********	,统一社会信用代码:9********12099X	,2016-06-17 00:00:00.0	,
杭州天目山医院有限公司	,住所变更	,住所: 西湖区天目山路***号; 		实收资本: ****万人民币元; 		执照有效期限:  至 ; 		电话：;	,住所: 杭州市西湖区天目山路***号; 实收资本: *万人民币元; 执照有效期限: ****-*-* 至 ****-*-*; 电话：;	,2015-08-07 00:00:00.0	,
杭州天目山医院有限公司	,住所变更	,住所: 西湖区古墩路*号; 		注册号: ***********; 		股东:  戴茂新， ***万; 敖晨， ***万; 严斌， ***万; 王为民， ***万; 		电话：;	,住所: 西湖区天目山路***号; 注册号: *************; 股东:  陈国兴， ***万; 陈国雄， ***万; 王为民， ***万; 电话：;	,2008-05-12 00:00:00.0	,
杭州天目山医院有限公司	,法定代表人变更	,法定代表人(负责人): 王为民; 	企业类型: 私营有限责任公司(自然人控股或私营性质企业控股); 	许可经营项目: 服务：预防保健科、内科、外科（泌尿外科专业）、妇产科（妇科专业、产科专业、计划生育专业）、儿科（新生儿专业）、急诊医学科、麻醉科、医学检验科、病理科、医学影像科（*线诊断专业、CT诊断专业、超声诊断专业、心电诊断专业）、中医科、中西医结合科）。; 	股东:  陈国兴， ***万; 陈国雄， ***万; 王为民， ***万; 	组织机构:  陈国雄 职务: 监事; 王为民 职务: 执行董事; 徐贤臻 职务: 经理; 		,法定代表人(负责人): 曾真; 	企业类型: 其他有限责任公司; 	许可经营项目: 服务：预防保健科、内科、外科（泌尿外科专业）、妇产科（妇科专业、产科专业、计划生育专业）、生殖健康与不孕症专业（不开展人类辅助生殖技术）、儿科（新生儿专业）、眼科、康复医学科、麻醉科、医学检验科、病理科、医学影像科（*线诊断专业、CT诊断专业、超声诊断专业、心电诊断专业）、中医科、中西医结合科（急诊室）。; 	股东:  浙江美迪亚医院投资管理有限公司， ***万; 上海美迪亚医院投资集团有限公司， ***万; 	组织机构:  陈国雄 职务: 监事; 曾真 职务: 执行董事兼总经理; 		,2016-11-30 00:00:00.0	,
杭州天目山医院有限公司	,法定代表人变更	,曾真	,张金清	,2018-03-23 00:00:00.0	,
深圳建国泌尿外科医院	,股东（投资人）	,杨献东 270.0000(万元) 90.0000% 林志通 30.0000(万元) 10.0000%	,杨献东 269.9700(万元) 89.9900% 林志通 30.0000(万元) 10.0000% 上海美迪亚医院投资集团有限公司 0.0300(万元) 0.0100%	,2017-05-12 00:00:00.0	,
深圳建国泌尿外科医院	,法定代表人（负责人）	,张金清	,杨献东	,2017-03-08 00:00:00.0	,
深圳建国泌尿外科医院	,股东（投资人）	,朱海霞 15.0000(万元) 5.0000% 上海美迪亚医院投资集团有限公司 210.0000(万元) 70.0000% 张金清 60.0000(万元) 20.0000% 王为民 15.0000(万元) 5.0000%	,杨献东 270.0000(万元) 90.0000% 林志通 30.0000(万元) 10.0000%	,2017-03-08 00:00:00.0	,
深圳建国泌尿外科医院	,董事成员	,张金清(总经理) 王为民(监事) 张金清(执行（常务）董事) 朱海霞(监事)	,杨献东(执行（常务）董事) 王为民(监事) 杨献东(总经理) 朱海霞(监事)	,2017-03-08 00:00:00.0	,
深圳建国泌尿外科医院	,高管人员	,张金清(总经理) 王为民(监事) 张金清(执行（常务）董事) 朱海霞(监事)	,杨献东(执行（常务）董事) 王为民(监事) 杨献东(总经理) 朱海霞(监事)	,2017-03-08 00:00:00.0	,
深圳建国泌尿外科医院	,住所	,深圳市南山区南山街道南山大道1112-1深圳市南山区南山大道1112-1号	,深圳市南山区南山街道南山大道1112-1号综合楼	,2015-10-16 00:00:00.0	,
深圳建国泌尿外科医院	,名称变更（字号名称、集团名称等）	,深圳建国泌尿外科医院有限公司	,深圳建国泌尿外科医院	,2017-07-14 00:00:00.0	,
深圳建国泌尿外科医院	,章程或章程修正案通过日期	,2017-04-01	,2017-07-13	,2017-07-14 00:00:00.0	,
深圳建国泌尿外科医院	,章程或章程修正案通过日期	,1900-01-01	,2017-04-01	,2017-05-12 00:00:00.0	,
深圳建国泌尿外科医院	,投资人变更（包括出资额、出资方式、出资日期、投资人名称等）	,名称：杨献东，出资额：270，出资比例：90名称：林志通，出资额：30，出资比例：10	,名称：上海美迪亚医院投资集团有限公司，出资额：.03，出资比例：.01名称：林志通，出资额：30，出资比例：10名称：杨献东，出资额：269.97，出资比例：89.99	,2017-05-12 00:00:00.0	,
深圳建国泌尿外科医院	,总经理	,张金清（总经理）	,杨献东（总经理）	,2017-03-08 00:00:00.0	,
深圳建国泌尿外科医院	,投资人变更（包括出资额、出资方式、出资日期、投资人名称等）	,名称：张金清，出资额：60，出资比例：20名称：上海美迪亚医院投资集团有限公司，出资额：210，出资比例：70名称：王为民，出资额：15，出资比例：5名称：朱海霞，出资额：15，出资比例：5	,名称：杨献东，出资额：270，出资比例：90名称：林志通，出资额：30，出资比例：10	,2017-03-08 00:00:00.0	,
深圳建国泌尿外科医院	,董事长或执行董事成员	,张金清（执行董事）	,杨献东（执行董事）	,2017-03-08 00:00:00.0	,
深圳建国泌尿外科医院	,	,	,	,2017-07-14 00:00:00.0	,
深圳建国泌尿外科医院	,负责人变更（法定代表人、负责人、首席代表、合伙事务执行人等变更）	,	,	,2017-03-08 00:00:00.0	,
深圳建国泌尿外科医院	,高级管理人员备案（董事、监事、经理等）	,	,	,2017-03-08 00:00:00.0	,
深圳建国泌尿外科医院	,章程备案	,2018-09-13	,2019-01-01	,2019-02-13 00:00:00.0	,
深圳建国泌尿外科医院	,投资人变更（包括出资额、出资方式、出资日期、投资人名称等）	,	,	,2019-02-13 00:00:00.0	,
深圳建国泌尿外科医院	,	,	,	,2019-03-08 00:00:00.0	,
深圳建国泌尿外科医院	,负责人变更（法定代表人、负责人、首席代表、合伙事务执行人等变更）	,	,	,2019-03-08 00:00:00.0	,
深圳建国泌尿外科医院	,高级管理人员备案（董事、监事、经理等）	,	,	,2019-03-08 00:00:00.0	,
深圳建国泌尿外科医院	,高级管理人员备案（董事、监事、经理等）	,	,	,2019-03-27 00:00:00.0	,
深圳建国泌尿外科医院	,高级管理人员备案（董事、监事、经理等）	,监事：林志通；	,监事：陈石；	,2019-03-27 00:00:00.0	,
深圳建国泌尿外科医院	,负责人变更（法定代表人、负责人、首席代表、合伙事务执行人等变更）	,董事长:陈石；法定代表人:陈石；	,董事长:杨献东；法定代表人:杨献东；	,2019-03-08 00:00:00.0	,
深圳建国泌尿外科医院	,高级管理人员备案（董事、监事、经理等）	,执行董事：陈石；	,执行董事：杨献东；	,2019-03-08 00:00:00.0	,
深圳建国泌尿外科医院	,投资人变更（包括出资额、出资方式、出资日期、投资人名称等）	,股东名称：林志通、出资额：30.000000、出资比例：10.000000；股东名称：杨献东、出资额：269.970000、出资比例：89.990000；股东名称：上海美迪亚医院投资集团有限公司、出资额：.030000、出资比例：.010000；	,股东名称：杨献东、出资额：269.970000、出资比例：89.990000；股东名称：陈石、出资额：30.000000、出资比例：10.000000；股东名称：上海美迪亚医院投资集团有限公司、出资额：.030000、出资比例：.010000；	,2019-02-13 00:00:00.0	,
深圳建国泌尿外科医院	,负责人变更（法定代表人、负责人、首席代表、合伙事务执行人等变更）	,监事:朱海霞；法定代表人:杨献东；董事长:杨献东；监事:王为民；	,董事长:陈石；监事:林志通；法定代表人:陈石；	,2018-09-13 00:00:00.0	,
深圳建国泌尿外科医院	,高级管理人员备案（董事、监事、经理等）	,监事：王为民；执行董事：杨献东；监事：朱海霞；	,监事：林志通；执行董事：陈石；	,2018-09-13 00:00:00.0	,
深圳建国泌尿外科医院	,投资人变更（包括出资额、出资方式、出资日期、投资人名称等）	,股东名称：杨献东、出资额：270.000000、出资比例：90.000000；股东名称：林志通、出资额：30.000000、出资比例：10.000000；	,股东名称：上海美迪亚医院投资集团有限公司、出资额：.030000、出资比例：.010000；股东名称：杨献东、出资额：269.970000、出资比例：89.990000；股东名称：林志通、出资额：30.000000、出资比例：10.000000；	,2017-05-12 00:00:00.0	,
深圳建国泌尿外科医院	,高级管理人员备案（董事、监事、经理等）	,总经理：张金清；执行董事：张金清；	,执行董事：杨献东；总经理：杨献东；	,2017-03-08 00:00:00.0	,
深圳建国泌尿外科医院	,负责人变更（法定代表人、负责人、首席代表、合伙事务执行人等变更）	,股东:张金清；董事长:张金清；法定代表人:张金清；总经理:张金清；股东:朱海霞；股东:王为民；股东:上海美迪亚医院投资集团有限公司；	,股东:；董事长:杨献东；总经理:杨献东；法定代表人:杨献东；股东:；	,2017-03-08 00:00:00.0	,
深圳建国泌尿外科医院	,投资人变更（包括出资额、出资方式、出资日期、投资人名称等）	,股东名称：张金清、出资额：60.000000、出资比例：20.000000；股东名称：朱海霞、出资额：15.000000、出资比例：5.000000；股东名称：王为民、出资额：15.000000、出资比例：5.000000；股东名称：上海美迪亚医院投资集团有限公司、出资额：210.000000、出资比例：70.000000；	,股东名称：杨献东、出资额：270.000000、出资比例：90.000000；股东名称：林志通、出资额：30.000000、出资比例：10.000000；	,2017-03-08 00:00:00.0	,
深圳港龙妇产医院	,住所	,深圳市龙岗区龙城街道龙岗大道（龙岗段）3012号宏昌大厦A、B、C栋	,深圳市龙岗区龙城街道龙岗大道（龙岗段）3012号宏昌大厦A栋、B栋1-5楼	,2016-03-04 00:00:00.0	,
深圳港龙妇产医院	,住所	,深圳市龙岗区龙岗街道龙岗大道（龙岗段）3012号宏昌大厦A、B、C栋	,深圳市龙岗区龙城街道龙岗大道（龙岗段）3012号宏昌大厦A、B、C栋	,2015-12-25 00:00:00.0	,
深圳港龙妇产医院	,名称变更（字号名称、集团名称等）	,深圳港龙妇产医院有限公司	,深圳港龙妇产医院	,2017-08-04 00:00:00.0	,
深圳港龙妇产医院	,章程或章程修正案通过日期	,1900-01-01	,2017-07-15	,2017-08-04 00:00:00.0	,
深圳港龙妇产医院	,许可经营项目	,预防保健科、内科（门诊）、外科（甲乳外科专业）、妇产科、妇科、妇女保健科、儿科（儿内科）、新生儿专科、儿童保健科、眼科（门诊）、耳鼻咽喉科（门诊）、口腔科（门诊）、皮肤科（门诊）、急诊医学科（急诊室）、麻醉科、医学检验科、病理科、医学影像科、中医科	,预防保健科/内科(门诊)/外科(甲乳外科专业)/妇产科;妇科专业;产科专业;计划生育专业;优生学专业;生殖健康与不孕症专业/妇女保健科/儿科(儿内科);新生儿专业/儿童保健科/眼科(门诊)/耳鼻咽喉科/口腔科(门诊)/皮肤科(门诊)/医疗美容科;美容外科;美容皮肤科/急诊医学科(急诊室)/麻醉科/医学检验科/病理科/医学影像科/中医科;妇产科专业。	,2018-05-30 00:00:00.0	,
深圳港龙妇产医院	,其他董事信息	,詹国城（董事）曾真（董事）王为民（董事）程智斌（董事）	,	,2018-05-30 00:00:00.0	,
深圳港龙妇产医院	,董事长或执行董事成员	,孙纬（董事长）	,孙纬（执行董事）	,2018-05-30 00:00:00.0	,
深圳港龙妇产医院	,前置许可信息	,《设置医疗机构筹建批准书》或《医疗机构执业许可证》	,《设置医疗机构筹建批准书》;《医疗机构执业许可证》《卫生许可证》	,2018-05-30 00:00:00.0	,
深圳港龙妇产医院	,章程或章程修正案通过日期	,2017-07-15	,2018-04-23	,2018-05-30 00:00:00.0	,
深圳港龙妇产医院	,监事信息	,詹亚强（监事）	,詹国城（监事）	,2018-05-30 00:00:00.0	,
深圳港龙妇产医院	,投资人变更（包括出资额、出资方式、出资日期、投资人名称等）	,名称：王为民，出资额：50，出资比例：5名称：詹亚强，出资额：50，出资比例：5名称：程智斌，出资额：157.5，出资比例：15.75名称：曾真，出资额：292.5，出资比例：29.25名称：詹国城，出资额：50，出资比例：5名称：孙纬，出资额：200，出资比例：20名称：上海美迪亚医院投资集团有限公司，出资额：200，出资比例：20	,名称：王为民，出资额：50，出资比例：5名称：詹国城，出资额：50，出资比例：5名称：孙纬，出资额：150，出资比例：15名称：上海美迪亚医院投资集团有限公司，出资额：522.5，出资比例：52.25名称：浙江美迪亚医院投资管理有限公司，出资额：227.5，出资比例：22.75	,2018-05-30 00:00:00.0	,
深圳港龙妇产医院	,高级管理人员备案（董事、监事、经理等）	,	,	,2018-05-30 00:00:00.0	,
深圳港龙妇产医院	,许可经营项目变更	,	,	,2018-05-30 00:00:00.0	,
深圳港龙妇产医院	,	,	,	,2017-08-04 00:00:00.0	,
深圳港龙妇产医院	,投资人变更（包括出资额、出资方式、出资日期、投资人名称等）	,股东名称：王为民、出资额：50.000000、出资比例：5.000000；股东名称：上海美迪亚医院投资集团有限公司、出资额：200.000000、出资比例：20.000000；股东名称：孙纬、出资额：200.000000、出资比例：20.000000；股东名称：詹国城、出资额：50.000000、出资比例：5.000000；股东名称：曾真、出资额：292.500000、出资比例：29.250000；股东名称：程智斌、出资额：157.500000、出资比例：15.750000；股东名称：詹亚强、出资额：50.000000、出资比例：5.000000；	,股东名称：王为民、出资额：50.000000、出资比例：5.000000；股东名称：浙江美迪亚医院投资管理有限公司、出资额：227.500000、出资比例：22.750000；股东名称：上海美迪亚医院投资集团有限公司、出资额：522.500000、出资比例：52.250000；股东名称：孙纬、出资额：150.000000、出资比例：15.000000；股东名称：詹国城、出资额：50.000000、出资比例：5.000000；	,2018-05-30 00:00:00.0	,
深圳港龙妇产医院	,高级管理人员备案（董事、监事、经理等）	,董事：詹国城；监事：詹亚强；董事长：孙纬；董事：程智斌；董事：曾真；董事：王为民；	,监事：詹国城；执行董事：孙纬；	,2018-05-30 00:00:00.0	,
深圳港龙妇产医院	,许可经营项目变更	,审批文件名称：《设置医疗机构筹建批准书》或《医疗机构执业许可证》、审批文件号：；	,审批文件名称：《设置医疗机构筹建批准书》;《医疗机构执业许可证》、审批文件号：；审批文件名称：《卫生许可证》、审批文件号：；	,2018-05-30 00:00:00.0	,
武汉艺星医疗美容医院有限公司	,投资人变更（包括出资额、出资方式、出资日期、投资人名称等）	,艺星医疗美容集团有限公司:*%;	,艺星医疗美容集团股份有限公司:*%;	,2018-07-11 00:00:00.0	,
武汉艺星医疗美容医院有限公司	,其他事项备案	,520119	,520119	,2018-08-01 00:00:00.0	,
武汉艺星医疗美容医院有限公司	,地址变更（住所地址、经营场所、驻在地址等变更）	,武汉市江汉区新华路468号时代财富中心5层（6）办号	,武汉市江汉区新华路468号时代财富中心1层	（1-2）、1-4层（3）、5层（1、6）办	,2018-08-01 00:00:00.0	,
武汉艺星医疗美容医院有限公司	,章程备案	,无	,无	,2018-08-01 00:00:00.0	,
武汉艺星医疗美容医院有限公司	,其他事项备案	,医疗机构设置审批与执业登记	,医疗机构设置审批与执业登记	,2018-08-01 00:00:00.0	,
武汉艺星医疗美容医院有限公司	,经营范围变更（含业务范围变更）	,医疗服务（涉及许可经营项目，应取得相关部门许可后方可经营，经营范围、经营期限与许可证核定的一致）。	,医疗服务（涉及许可经营项目，应取得相关部门许可后方可经营，经营范围、经营期限与许可证核定的一致）；房地产经纪服务；房地产中介服务（依法须经审批的项目，经相关部门审批后方可开展经营活动）。	,2019-02-26 00:00:00.0	,
武汉艺星医疗美容医院有限公司	,其他事项备案	,	,公章刻制备案，房地产经纪机构及其分支机构备案，单位办理住房公积金缴存登记，营业执照，税务登记证，机构代码证，社会保险登记证，统计证	,2019-02-26 00:00:00.0	,
武汉艺星医疗美容医院有限公司	,其他事项备案	,医疗机构设置审批与执业登记	,公共场所卫生许可（不含公园、体育场馆、公共交通工具、饭馆、咖啡馆、酒吧、茶座的卫生许可），医疗机构设置审批与执业登记	,2019-03-05 00:00:00.0	,
武汉艺星医疗美容医院有限公司	,章程备案	,无	,无	,2019-03-05 00:00:00.0	,
武汉艺星医疗美容医院有限公司	,经营范围变更（含业务范围变更）	,医疗服务（涉及许可经营项目，应取得相关部门许可后方可经营，经营范围、经营期限与许可证核定的一致）；房地产经纪服务；房地产中介服务（依法须经审批的项目，经相关部门审批后方可开展经营活动）。	,医疗服务;美容服务（涉及许可经营项目，应取得相关部门许可后方可经营，经营范围、经营期限与许可证核定的一致）；会议会展服务；展示展览服务（依法须经审批的项目，经相关部门审批后方可开展经营活动）。	,2019-03-05 00:00:00.0	,
武汉艺星医疗美容医院有限公司	,其他事项备案	,公章刻制备案，房地产经纪机构及其分支机构备案，单位办理住房公积金缴存登记，营业执照，税务登记证，机构代码证，社会保险登记证，统计证	,公章刻制备案，单位办理住房公积金缴存登记，营业执照，税务登记证，机构代码证，社会保险登记证，统计证	,2019-03-05 00:00:00.0	,
武汉艺星医疗美容医院有限公司	,投资人变更（包括出资额、出资方式、出资日期、投资人名称等）	,汪李林（执行董事）、徐川（监事）、都志杰（总经理）	,杜天华（执行董事）、陈斌（监事）、徐国建（经理）	,2019-06-26 00:00:00.0	,
武汉艺星医疗美容医院有限公司	,负责人变更（法定代表人、负责人、首席代表、合伙事务执行人等变更）	,汪李林	,杜天华	,2019-06-26 00:00:00.0	,
武汉艺星医疗美容医院有限公司	,高级管理人员备案（董事、监事、经理等）	,汪李林（执行董事）、徐川（监事）、都志杰（总经理）	,杜天华（执行董事）、陈斌（监事）、徐国建（经理）	,2019-06-26 00:00:00.0	,
霍尔果斯康美股权投资合伙企业（有限合伙）	,法定代表人(负责人、董事长、首席代表)变更	,卓宁志	,程智斌	,2017-11-30 00:00:00.0	,
霍尔果斯康美股权投资合伙企业（有限合伙）	,投资人(股权)变更	,企业名称: 谢凡; 出资额: 1500; 百分比: 50; 法人性质: 自然人股东	企业名称: 卓宁志; 出资额: 1500; 百分比: 50; 法人性质: 自然人股东		,企业名称: 程智斌; 出资额: 10.95; 百分比: 0.365; 法人性质: 自然人股东	企业名称: 谢凡; 出资额: 25.59; 百分比: 0.853; 法人性质: 自然人股东	企业名称: 陈孙西; 出资额: 110.85; 百分比: 3.695; 法人性质: 自然人股东	企业名称: 林长青; 出资额: 159.03; 百分比: 5.301; 法人性质: 自然人股东	企业名称: 林志尧; 出资额: 237.57; 百分比: 7.919; 法人性质: 自然人股东	企业名称: 林志龙; 出资额: 255.84; 百分比: 8.528; 法人性质: 自然人股东	企业名称: 陈国雄; 出资额: 262.23; 百分比: 8.741; 法人性质: 自然人股东	企业名称: 陈国兴; 出资额: 318.84; 百分比: 10.628; 法人性质: 自然人股东	企业名称: 朱海霞; 出资额: 511.68; 百分比: 17.056; 法人性质: 自然人股东	企业名称: 詹宗阳; 出资额: 1107.42; 百分比: 36.914; 法人性质: 自然人股东		,2018-03-30 00:00:00.0	,
艺星医疗美容集团股份有限公司	,名称变更	,艺星医疗美容集团有限公司	,艺星医疗美容集团股份有限公司	,2018-05-24 00:00:00.0	,
艺星医疗美容集团股份有限公司	,章程备案	,	,	,2018-05-24 00:00:00.0	,
艺星医疗美容集团股份有限公司	,企业类型变更	,有限责任公司（自然人投资或控股）	,其他股份有限公司(非上市)	,2018-05-24 00:00:00.0	,
艺星医疗美容集团股份有限公司	,注册资本(金)变更	,*****.****	,*****	,2018-05-24 00:00:00.0	,
艺星医疗美容集团股份有限公司	,高级管理人员备案	,姓名: 林青; 证件号码: ******************; 职位: 董事	姓名: 陈国兴; 证件号码: ******************; 职位: 董事长	姓名: 陈国雄; 证件号码: ******************; 职位: 董事兼总经理	姓名: 陈汉章; 证件号码: ******************; 职位: 监事		,姓名: JIAYU CHEN; 证件号码: *********; 职位: 董事	姓名: 宁钟; 证件号码: ******************; 职位: 监事	姓名: 张斌; 证件号码: ******************; 职位: 董事	姓名: 李灯场; 证件号码: P******(*); 职位: 董事	姓名: 王丹丹; 证件号码: ******************; 职位: 董事	姓名: 王琛; 证件号码: ******************; 职位: 监事会主席	姓名: 石代伦; 证件号码: ******************; 职位: 监事	姓名: 蔡广林; 证件号码: ******************; 职位: 董事	姓名: 陈国兴; 证件号码: ******************; 职位: 董事长	姓名: 陈国雄; 证件号码: ******************; 职位: 副董事长	姓名: 陈国雄; 证件号码: ******************; 职位: 总经理		,2018-05-24 00:00:00.0	,
艺星医疗美容集团股份有限公司	,经营期限(营业期限)变更	,营业期限至: 2029-10-13	,营业期限至: 营业期限至: 长期	,2018-05-24 00:00:00.0	,
艺星医疗美容集团股份有限公司	,投资人(股权)备案	,姓名: 林晨; 出资额: ***.***万; 百分比: *.*%	企业名称: 霍尔果斯汇美股权投资合伙企业（有限合伙）; 出资额: ***.****万; 百分比: *.*%	企业名称: 霍尔果斯真美股权投资合伙企业（有限合伙）; 出资额: ***.****万; 百分比: *.**%	姓名: 林长青; 出资额: ***.****万; 百分比: *.*%	企业名称: 贺州星浩商务服务合伙企业（有限合伙）; 出资额: ***.****万; 百分比: *.****%	企业名称: 霍尔果斯康美股权投资合伙企业（有限合伙）; 出资额: ***.****万; 百分比: *.****%	企业名称: 艺星股权投资有限公司; 出资额: ****.****万; 百分比: **.****%	企业名称: 汉国股权投资有限公司; 出资额: ****.****万; 百分比: **.****%		,姓名: 林晨; 出资额: ***.*万; 百分比: *.*%	企业名称: 霍尔果斯汇美股权投资合伙企业（有限合伙）; 出资额: ***.*万; 百分比: *.*%	企业名称: 霍尔果斯真美股权投资合伙企业（有限合伙）; 出资额: ***.**万; 百分比: *.**%	姓名: 林长青; 出资额: ***.*万; 百分比: *.*%	企业名称: 贺州星浩商务服务合伙企业（有限合伙）; 出资额: ****.****万; 百分比: *.****%	企业名称: 霍尔果斯康美股权投资合伙企业（有限合伙）; 出资额: ****.****万; 百分比: *.****%	企业名称: 艺星股权投资有限公司; 出资额: ****.****万; 百分比: **.****%	企业名称: 汉国股权投资有限公司; 出资额: ****.****万; 百分比: **.****%		,2018-05-24 00:00:00.0	,
艺星医疗美容集团股份有限公司	,法定代表人变更	,陈国雄	,陈国兴	,2018-05-24 00:00:00.0	,
艺星医疗美容集团股份有限公司	,经营范围变更	,服务：医疗美容的管理，医院行业投资，实业投资，会务服务，企业形象策划，医院管理，投资咨询（除证券、期货），企业管理咨询，企业重组、改制的咨询，接受企业委托从事资产管理，增值电信业务；批发、零售：化妆品；其他无需报经审批的一切合法项目；含下属分支机构经营范围；（未经金融等监管部门批准，不得从事向公众融资存款、融资担保、代客理财等金融服务）。	,服务：医疗美容的管理，医院行业投资，实业投资，会务服务，企业形象策划，医院管理，投资咨询（除证券、期货），企业管理咨询，企业重组、改制的咨询，接受企业委托从事资产管理，批发、零售：化妆品；其他无需报经审批的一切合法项目；含下属分支机构经营范围；（未经金融等监管部门批准，不得从事向公众融资存款、融资担保、代客理财等金融服务）。（依法须经批准的项目，经相关部门批准后方可开展经营活动）	,2018-01-29 00:00:00.0	,
艺星医疗美容集团股份有限公司	,出资方式备案	,姓名: 林长青; 出资额: 0万; 出资形式: 货币	姓名: 陈国兴; 出资额: 0万; 出资形式: 货币	姓名: 陈国雄; 出资额: 0万; 出资形式: 货币		,姓名: 林晨; 出资额: 0万; 出资形式: 货币	姓名: 林长青; 出资额: 0万; 出资形式: 货币	企业名称: 汉国股权投资有限公司; 出资额: 0万; 出资形式: 货币	企业名称: 艺星股权投资有限公司; 出资额: 0万; 出资形式: 货币	企业名称: 贺州星浩商务服务合伙企业（有限合伙）; 出资额: 0万; 出资形式: 货币	企业名称: 霍尔果斯康美股权投资合伙企业（有限合伙）; 出资额: 0万; 出资形式: 货币	企业名称: 霍尔果斯汇美股权投资合伙企业（有限合伙）; 出资额: 0万; 出资形式: 货币	企业名称: 霍尔果斯真美股权投资合伙企业（有限合伙）; 出资额: 0万; 出资形式: 货币		,2017-11-28 00:00:00.0	,
艺星医疗美容集团股份有限公司	,出资日期备案	,姓名: 林长青; 出资日期: 	姓名: 陈国雄; 出资日期: 	姓名: 陈国兴; 出资日期: 		,企业名称: 霍尔果斯汇美股权投资合伙企业（有限合伙）; 出资日期: 2017-11-30	企业名称: 霍尔果斯真美股权投资合伙企业（有限合伙）; 出资日期: 2017-11-30	姓名: 林晨; 出资日期: 	姓名: 林长青; 出资日期: 	企业名称: 霍尔果斯康美股权投资合伙企业（有限合伙）; 出资日期: 2017-11-30	企业名称: 贺州星浩商务服务合伙企业（有限合伙）; 出资日期: 	企业名称: 艺星股权投资有限公司; 出资日期: 	企业名称: 汉国股权投资有限公司; 出资日期: 		,2017-11-28 00:00:00.0	,
艺星医疗美容集团股份有限公司	,出资比例备案	,姓名: 林长青; 出资额: ****.*万; 百分比: **.***%	姓名: 陈国雄; 出资额: ****万; 百分比: **%	姓名: 陈国兴; 出资额: ****.*万; 百分比: **.***%		,企业名称: 霍尔果斯汇美股权投资合伙企业（有限合伙）; 出资额: ***.****万; 百分比: *.*%	企业名称: 霍尔果斯真美股权投资合伙企业（有限合伙）; 出资额: ***.****万; 百分比: *.**%	姓名: 林晨; 出资额: ***.****万; 百分比: *.*%	姓名: 林长青; 出资额: ***.****万; 百分比: *.*%	企业名称: 霍尔果斯康美股权投资合伙企业（有限合伙）; 出资额: ***.***万; 百分比: *.****%	企业名称: 贺州星浩商务服务合伙企业（有限合伙）; 出资额: ***.****万; 百分比: *.****%	企业名称: 艺星股权投资有限公司; 出资额: ****.****万; 百分比: **.****%	企业名称: 汉国股权投资有限公司; 出资额: ****.****万; 百分比: **.****%		,2017-11-28 00:00:00.0	,
艺星医疗美容集团股份有限公司	,注册资本(金)变更	,10000	,11379.5808	,2017-11-28 00:00:00.0	,
艺星医疗美容集团股份有限公司	,投资人(股权)备案	,姓名: 林长青; 出资额: ****.*万; 百分比: **.***%  姓名: 陈国雄; 出资额: ****万; 百分比: **%  姓名: 陈国兴; 出资额: ****.*万; 百分比: **.***%	,企业名称: 霍尔果斯汇美股权投资合伙企业（有限合伙）; 出资额: ***.****万; 百分比: *.*%  企业名称: 霍尔果斯真美股权投资合伙企业（有限合伙）; 出资额: ***.****万; 百分比: *.**%  姓名: 林晨; 出资额: ***.***万; 百分比: *.*%  姓名: 林长青; 出资额: ***.****万; 百分比: *.*%  企业名称: 霍尔果斯康美股权投资合伙企业（有限合伙）; 出资额: ***.****万; 百分比: *.***%  企业名称: 贺州星浩商务服务合伙企业（有限合伙）; 出资额: ***.****万; 百分比: *.****%  企业名称: 艺星股权投资有限公司; 出资额: ****.****万; 百分比: **.****%  企业名称: 汉国股权投资有限公司; 出资额: ****.****万; 百分比: **.****%	,2017-11-28 00:00:00.0	,
艺星医疗美容集团股份有限公司	,出资比例备案	,姓名: 林长青; 出资额: ****万; 百分比: **%	姓名: 陈国雄; 出资额: ****万; 百分比: **%	姓名: 陈国兴; 出资额: ****万; 百分比: **%		,姓名: 林长青; 出资额: ****.*万; 百分比: **.***%	姓名: 陈国雄; 出资额: ****万; 百分比: **%	姓名: 陈国兴; 出资额: ****.*万; 百分比: **.***%		,2017-10-30 00:00:00.0	,
艺星医疗美容集团股份有限公司	,一般经营项目变更	,一般经营项目: 服务：医疗美容的管理，医院行业投资，实业投资，会务服务，企业形象策划，医院管理，投资咨询（除证券、期货），企业管理咨询，企业重组、改制的咨询，接受企业委托从事资产管理，第二类增值电信业务中的呼叫中心业务；其他无需报经审批的一切合法项目；含下属分支机构经营范围。;	,一般经营项目: 服务：医疗美容的管理，医院行业投资，实业投资，会务服务，企业形象策划，医院管理，投资咨询（除证券、期货），企业管理咨询，企业重组、改制的咨询，接受企业委托从事资产管理，增值电信业务；批发、零售：化妆品；其他无需报经审批的一切合法项目；含下属分支机构经营范围；（未经金融等监管部门批准，不得从事向公众融资存款、融资担保、代客理财等金融服务）。;	,2016-10-25 00:00:00.0	,
艺星医疗美容集团股份有限公司	,换发统一社会信用代码执照	,注册号：*****  组织机构代码证：694582518	,统一社会信用代码:*****8	,2016-10-25 00:00:00.0	,
艺星医疗美容集团股份有限公司	,高级管理人员备案	,林长青，陈国兴，陈国雄，陈汉章	,林青，陈国兴，陈国雄，陈汉章	,2015-12-29 00:00:00.0	,
艺星医疗美容集团股份有限公司	,一般经营项目变更	,一般经营项目: 服务：医疗美容的管理，医院行业投资，实业投资，会务服务，企业形象策划，医院管理，投资咨询（除证券、期货），企业管理咨询，企业重组、改制的咨询，受托资产管理；其他无需报经审批的一切合法项目；含下属分支机构经营范围;   许可经营项目: 无;	,一般经营项目: 服务：医疗美容的管理，医院行业投资，实业投资，会务服务，企业形象策划，医院管理，投资咨询（除证券、期货），企业管理咨询，企业重组、改制的咨询，接受企业委托从事资产管理，第二类增值电信业务中的呼叫中心业务；其他无需报经审批的一切合法项目；含下属分支机构经营范围。; 许可经营项目: ;	,2015-09-14 00:00:00.0	,
艺星医疗美容集团股份有限公司	,名称变更	,企业名称: 艺星医疗美容有限公司;	,企业名称: 艺星医疗美容集团有限公司;	,2014-05-08 00:00:00.0	,
上海星脉医疗器械有限公司	,经营范围变更	,医疗器械、健康、信息科技领域内的技术开发、技术转让、技术咨询、技术服务，企业管理咨询，营养健康咨询服务，会务服务，商务咨询，市场营销策划，电子产品、化妆品、办公用品、工艺礼品（象牙及其制品除外）、日用百货、服装鞋帽、包装材料、家用电器、厨房设备、仪器仪表、建材、计算机、软件及辅助设备、通信设备、环保设备、针纺织品、化工产品及原料（除危险化学品、监控化学品、烟花爆竹、民用爆炸物品、易制毒化学品）、体育用品、机电设备、金属材料的销售，机械设备维修，从事货物与技术的进出口业务。【依法须经批准的项目，经相关部门批准后方可开展经营活动】	,医疗器械、健康、信息科技领域内的技术开发、技术转让、技术咨询、技术服务，企业管理咨询，营养健康咨询服务，会务服务，商务咨询，市场营销策划，医疗器械、电子产品、化妆品、办公用品、工艺礼品（象牙及其制品除外）、日用百货、服装鞋帽、包装材料、家用电器、厨房设备、仪器仪表、建材、计算机、软件及辅助设备、通信设备、环保设备、针纺织品、化工产品及原料（除危险化学品、监控化学品、烟花爆竹、民用爆炸物品、易制毒化学品）、体育用品、机电设备、金属材料的销售，机械设备维修，从事货物与技术的进出口业务。【依法须经批准的项目，经相关部门批准后方可开展经营活动】	,2018-10-09 00:00:00.0	,
上海星脉医疗器械有限公司	,章程修正案备案	,无	,2018-08-20章程修正案	,2018-10-09 00:00:00.0	,
上海星脉医疗器械有限公司	,一般经营项目变更	,医疗器械、健康、信息科技领域内的技术开发、技术转让、技术咨询、技术服务，企业管理咨询，营养健康咨询服务，会务服务，商务咨询，市场营销策划，电子产品、化妆品、办公用品、工艺礼品（象牙及其制品除外）、日用百货、服装鞋帽、包装材料、家用电器、厨房设备、仪器仪表、建材、计算机、软件及辅助设备、通信设备、环保设备、针纺织品、化工产品及原料（除危险化学品、监控化学品、烟花爆竹、民用爆炸物品、易制毒化学品）、体育用品、机电设备、金属材料的销售，机械设备维修，从事货物与技术的进出口业务。	,医疗器械、健康、信息科技领域内的技术开发、技术转让、技术咨询、技术服务，企业管理咨询，营养健康咨询服务，会务服务，商务咨询，市场营销策划，医疗器械、电子产品、化妆品、办公用品、工艺礼品（象牙及其制品除外）、日用百货、服装鞋帽、包装材料、家用电器、厨房设备、仪器仪表、建材、计算机、软件及辅助设备、通信设备、环保设备、针纺织品、化工产品及原料（除危险化学品、监控化学品、烟花爆竹、民用爆炸物品、易制毒化学品）、体育用品、机电设备、金属材料的销售，机械设备维修，从事货物与技术的进出口业务。	,2018-10-09 00:00:00.0	,
上海星脉医疗器械有限公司	,住所变更	,上海市崇明区新河镇新申路921弄2号N-1区112室（上海富盛经济开发区）	,上海市崇明区新河镇滨江路78号13幢一层A2室	,2018-10-09 00:00:00.0	,
上海星脉医疗器械有限公司	,法定代表人变更	,曾建伟	,刘文剑	,2018-10-19 00:00:00.0	,
上海星脉医疗器械有限公司	,董事备案	,曾建伟	,刘文剑	,2018-10-19 00:00:00.0	,
上海星脉医疗器械有限公司	,章程备案	,无	,2018-10-14章程备案	,2018-10-19 00:00:00.0	,
成都艺星医疗美容医院有限公司	,名称变更	,成都艺星医疗美容门诊部有限公司	,成都艺星医疗美容医院有限公司	,2018-11-21 00:00:00.0	,
成都艺星医疗美容医院有限公司	,高级管理人员备案（董事、监事、经理等）	,	,	,2018-11-21 00:00:00.0	,
成都艺星医疗美容医院有限公司	,股东或股份发起人改变姓名或名称变更	,艺星医疗美容集团有限公司;	,艺星医疗美容集团股份有限公司;	,2018-07-05 00:00:00.0	,
成都艺星医疗美容医院有限公司	,股东或股份发起人改变姓名或名称变更	,陈孙西;程智斌;林志龙;林志尧;艺星医疗美容集团有限公司;	,艺星医疗美容集团有限公司;	,2017-12-14 00:00:00.0	,
成都艺星医疗美容医院有限公司	,股东或股份发起人改变姓名或名称变更	,艺星医疗美容集团有限公司，71.7%;	,艺星医疗美容集团有限公司，100.0%;	,2017-12-14 00:00:00.0	,
成都艺星医疗美容医院有限公司	,市场主体类型变更	,1190	,1153	,2017-12-14 00:00:00.0	,
成都艺星医疗美容医院有限公司	,股东或股份发起人改变姓名或名称变更	,陈孙西;林志龙;林志尧;艺星医疗美容集团有限公司;	,陈孙西;程智斌;林志龙;林志尧;艺星医疗美容集团有限公司;	,2017-11-14 00:00:00.0	,
成都艺星医疗美容医院有限公司	,股东或股份发起人改变姓名或名称变更	,陈孙西，10.0%;林志尧，10.0%;艺星医疗美容集团有限公司，70.0%;	,陈孙西，8.3%;林志尧，5.0%;艺星医疗美容集团有限公司，71.7%;	,2017-11-14 00:00:00.0	,
成都艺星医疗美容医院有限公司	,投资人(股权)变更	,医疗美容科；美容外科；美容皮肤科；美容中医科/麻醉科/医学检验科、临床体液、血液专业/医学影像科；X线诊断专业，超声诊断专业；心电诊断专业******（有效期至2019年9月9日）（依法须经批准的项目，经相关部门批准后方可开展经营活动）。	,医疗美容科；美容外科；美容牙科；美容皮肤科；美容中医科/麻醉科/医学检验科、临床体液、血液专业/医学影像科；X线诊断专业，超声诊断专业；心电诊断专业******（有效期至2019年9月9日）（依法须经批准的项目，经相关部门批准后方可开展经营活动）。	,2017-09-01 00:00:00.0	,
成都艺星医疗美容医院有限公司	,高级管理人员备案（董事、监事、经理等）	,/	,/	,2017-09-01 00:00:00.0	,
成都艺星医疗美容医院有限公司	,其他事项备案	,陈曦，***	,孟阳阳，***	,2016-05-04 00:00:00.0	,
成都艺星医疗美容医院有限公司	,高级管理人员备案（董事、监事、经理等）	,/	,/	,2016-05-04 00:00:00.0	,
成都艺星医疗美容医院有限公司	,投资人(股权)变更	,医疗美容科；美容外科；美容牙科；美容皮肤科；美容中医科/麻醉科/医学检验科、临床体液、血液专业/医学影像科；X线诊断专业，超声诊断专业；心电诊断专业******（有效期至2019年9月9日）（依法须经批准的项目，经相关部门批准后方可开展经营活动）。	,医疗美容科；美容外科；美容皮肤科；美容中医科/麻醉科/医学检验科、临床体液、血液专业/医学影像科；X线诊断专业，超声诊断专业；心电诊断专业******（有效期至2019年9月9日）（依法须经批准的项目，经相关部门批准后方可开展经营活动）。	,2016-05-04 00:00:00.0	,
成都艺星医疗美容医院有限公司	,其他事项备案	,/	,孟阳阳，***	,2016-04-27 00:00:00.0	,
成都艺星医疗美容医院有限公司	,其他事项备案	,/	,/	,2015-10-29 00:00:00.0	,
成都艺星医疗美容医院有限公司	,章程修正案备案	,	,	,2018-11-21 00:00:00.0	,
成都艺星医疗美容医院有限公司	,投资人(股权)变更	,艺星医疗美容集团有限公司;	,艺星医疗美容集团股份有限公司;	,2018-07-05 00:00:00.0	,
成都艺星医疗美容医院有限公司	,投资人(股权)变更	,陈孙西;程智斌;林志龙;林志尧;艺星医疗美容集团有限公司;	,艺星医疗美容集团有限公司;	,2017-12-14 00:00:00.0	,
成都艺星医疗美容医院有限公司	,出资比例变更	,艺星医疗美容集团有限公司，71.7%;	,艺星医疗美容集团有限公司，100.0%;	,2017-12-14 00:00:00.0	,
成都艺星医疗美容医院有限公司	,出资比例变更	,陈孙西，10.0%;林志尧，10.0%;艺星医疗美容集团有限公司，70.0%;	,陈孙西，8.3%;林志尧，5.0%;艺星医疗美容集团有限公司，71.7%;	,2017-11-14 00:00:00.0	,
成都艺星医疗美容医院有限公司	,投资人(股权)变更	,陈孙西;林志龙;林志尧;艺星医疗美容集团有限公司;	,陈孙西;程智斌;林志龙;林志尧;艺星医疗美容集团有限公司;	,2017-11-14 00:00:00.0	,
成都艺星医疗美容医院有限公司	,经营范围变更	,医疗美容科；美容外科；美容皮肤科；美容中医科/麻醉科/医学检验科、临床体液、血液专业/医学影像科；X线诊断专业，超声诊断专业；心电诊断专业******（有效期至2019年9月9日）（依法须经批准的项目，经相关部门批准后方可开展经营活动）。	,医疗美容科；美容外科；美容牙科；美容皮肤科；美容中医科/麻醉科/医学检验科、临床体液、血液专业/医学影像科；X线诊断专业，超声诊断专业；心电诊断专业******（有效期至2019年9月9日）（依法须经批准的项目，经相关部门批准后方可开展经营活动）。	,2017-09-01 00:00:00.0	,
成都艺星医疗美容医院有限公司	,章程备案	,	,	,2017-09-01 00:00:00.0	,
成都艺星医疗美容医院有限公司	,章程备案	,	,	,2016-05-04 00:00:00.0	,
成都艺星医疗美容医院有限公司	,经营范围变更	,医疗美容科；美容外科；美容牙科；美容皮肤科；美容中医科/麻醉科/医学检验科、临床体液、血液专业/医学影像科；X线诊断专业，超声诊断专业；心电诊断专业******（有效期至2019年9月9日）（依法须经批准的项目，经相关部门批准后方可开展经营活动）。	,医疗美容科；美容外科；美容皮肤科；美容中医科/麻醉科/医学检验科、临床体液、血液专业/医学影像科；X线诊断专业，超声诊断专业；心电诊断专业******（有效期至2019年9月9日）（依法须经批准的项目，经相关部门批准后方可开展经营活动）。	,2016-05-04 00:00:00.0	,
成都艺星医疗美容医院有限公司	,联络员备案	,陈曦，***	,孟阳阳，***	,2016-05-04 00:00:00.0	,
成都艺星医疗美容医院有限公司	,联络员备案	,/	,孟阳阳，***	,2016-04-27 00:00:00.0	,
成都艺星医疗美容医院有限公司	,换发证照	,/	,/	,2015-10-29 00:00:00.0	,
成都艺星医疗美容医院有限公司	,章程备案	,无	,	,2019-11-05 00:00:00.0	,
成都艺星医疗美容医院有限公司	,经营范围	,医疗美容科；美容外科；美容牙科；美容皮肤科；美容中医科/麻醉科/医学检验科、临床体液、血液专业/医学影像科；X线诊断专业，超声诊断专业；心电诊断专业******（有效期至2019年9月9日）（依法须经批准的项目，经相关部门批准后方可开展经营活动）。	,医疗美容科；美容外科；美容牙科；美容皮肤科；美容中医科/麻醉科/医学检验科、临床体液、血液专业/医学影像科；X线诊断专业，超声诊断专业；心电诊断专业******。（依法须经批准的项目，经相关部门批准后方可开展经营活动）。	,2019-11-05 00:00:00.0	,
艺星企业管理有限公司	,经营范围变更	,从事对非上市企业的股权投资、通过认购非公开发行股票或者受让股权等方式持有上市公司股份以及相关咨询服务。（依法须经批准的项目，经相关部门批准后方可开展经营活动）	,企业管理服务。（依法须经批准的项目，经相关部门批准后方可开展经营活动）	,2019-01-04 00:00:00.0	,
艺星企业管理有限公司	,名称变更	,艺星股权投资有限公司	,艺星企业管理有限公司	,2019-01-04 00:00:00.0	,
艺星企业管理有限公司	,住所变更	,浙江省新疆伊犁州霍尔果斯经济开发区伊宁园区宁远路*号中小企业园****号	,浙江省宁波市北仑区梅山七星路**号*幢***室B区M****	,2019-01-04 00:00:00.0	,
汉国企业管理有限公司	,经营范围变更	,从事对非上市企业的股权投资、通过认购非公开发行股票或者受让股权等方式持有上市公司股份以及相关咨询服务。（依法须经批准的项目，经相关部门批准后方可开展经营活动）	,企业管理服务。（依法须经批准的项目，经相关部门批准后方可开展经营活动）	,2019-01-04 00:00:00.0	,
汉国企业管理有限公司	,行业代码变更	,7212:投资与资产管理	,7219:其他组织管理服务	,2019-01-04 00:00:00.0	,
汉国企业管理有限公司	,住所变更	,浙江省新疆伊犁州霍尔果斯经济开发区伊宁园区宁远路*号中小企业园****号	,浙江省宁波市北仑区梅山七星路**号*幢***室B区M****	,2019-01-04 00:00:00.0	,
汉国企业管理有限公司	,名称变更	,汉国股权投资有限公司	,汉国企业管理有限公司	,2019-01-04 00:00:00.0	,
