˾,,ǰ,,ʱ
"ϻҽԺ޹˾	","˱	","Դ	","	","2016-12-07 00:00:00.0	"
"ϻҽԺ޹˾	","ס	","·95	","ʡ廪·95š197š199	","2016-12-07 00:00:00.0	"
"ϻҽԺ޹˾	","	","	","	","2016-12-07 00:00:00.0	"
"ϻҽԺ޹˾	","±	","Դ	","	","2016-12-07 00:00:00.0	"
"ϻҽԺ޹˾	","ӪΧ	","ҽƷ񣨰ҽƻִҵ֤˶ʱ޺ͷΧչӪ	","ҽƷ񣨰ҽƻִҵ֤˶ʱ޺ͷΧչӪ뾭׼Ŀز׼󷽿ɿչӪ	","2015-12-29 00:00:00.0	"
"ϻҽԺ޹˾	","Ӫ(Ӫҵ)	","2006112  2016112	","2006112  	","2015-12-29 00:00:00.0	"
"ϻҽԺ޹˾	","³	","	","	","2015-12-29 00:00:00.0	"
"ϻҽԺ޹˾	","Ͷ(Ȩ)	","ҽѧҽԺ޹˾  333.4;ղN  41.65;ʡͶʹ޹˾  20.8;⽨  41.65;Ͷʹ޹˾  62.5;	","ҽѧҽԺ޹˾  333.4;ŻҽͶ޹˾  41.650000;ʡͶʹ޹˾  20.8;ĴڸҽԺ޹˾  41.650000;Ͷʹ޹˾  62.5;	","2017-09-13 00:00:00.0	"
"ϻҽԺ޹˾	","߼Ա¡¡ȣ	","	","	","2016-12-07 00:00:00.0	"
"ϻҽԺ޹˾	","߼Ա¡¡ȣ	","Դ	","	","2016-12-07 00:00:00.0	"
"ϻҽԺ޹˾	","Ա	"," ***	"," ***	","2015-12-29 00:00:00.0	"
"ϻҽԺ޹˾	","ַ	","ʡ廪·95š197š199	","ʡ廪·95š197š199š183š189š191š193š195	","2018-05-16 00:00:00.0	"
"ϻҽԺ޹˾	","³	","	","; 2019-03-26ԭ³̵µ12˾Ϊṩ		޸Ϊ³̵µ12˾Ϊṩ	","2019-03-26 00:00:00.0	"
"ϻҽԺ޹˾	","ַ	","ʡ廪·95š197š199š183š189š191š193š195	","ʡ廪·95š187š189š191š193š195š197š199	","2019-04-10 00:00:00.0	"
"ҽר޹˾	","(ˡ³ϯ)	","	","Huang Shaojie	","2015-12-08 00:00:00.0	"
"ҽר޹˾	","֯	",": ƽ; ֤: ; ֤: ********; Ա: ; ְ: 		: ; ֤: ; ֤: ********; Ա: ; ְ: ִж		: ; ֤: ; ֤: ********; Ա: ; ְ: ܾ			",": Huang Shaojie; ֤: ; ֤: GA168032; Ա: ; ְ: ִж		: Huang Shaojie; ֤: ; ֤: GA168032; Ա: ; ְ: ܾ		: ƽ; ֤: ; ֤: ********; Ա: ; ְ: 			","2015-12-08 00:00:00.0	"
"ҽר޹˾	","ӪΧ(ҵΧ)	","ӪΧ: ɾӪĿҽݿƣƣƣƤƣƣҽѧƣലҺѪҺרҵലѧרҵലߡѪѧרҵҽѧӰƣרҵĵרҵ֤Ч20110331ֹҵ: 8530	","ӪΧ: ɾӪĿҽݿƣƣƣƤƣƣҽѧƣലҺѪҺרҵലѧרҵലߡѪѧרҵҽѧӰƣרҵĵרҵ֤Ч20110331ֹݣЧ2012114գҵ: 8530	","2008-11-28 00:00:00.0	"
"ҽר޹˾	","(ˡ³ϯ)	","	","	","2008-04-03 00:00:00.0	"
"ҽר޹˾	","ӪΧ(ҵΧ)	","ӪΧ: ɾӪĿơƤơݿǻƣ֤Ч2007728ֹҵ: 8530	","ӪΧ: ɾӪĿҽݿƣƣƣƤƣƣҽѧƣലҺѪҺרҵലѧרҵലߡѪѧרҵҽѧӰƣרҵĵרҵ֤Ч20110331ֹҵ: 8530	","2008-04-03 00:00:00.0	"
"ҽר޹˾	","(ˡ³ϯ)	",": ƽ; ֤: ; ֤: ********; Ա: ; ְ: 		: ; ֤: ; ֤: ********; Ա: ; ְ: ִж		: ; ֤: ; ֤: ********; Ա: ; ְ: ܾ			",": ƽ; ֤: ; ֤: ********; Ա: ; ְ: 		: ; ֤: ; ֤: ********; Ա: ; ְ: ִж		: ; ֤: ; ֤: ********; Ա: ; ְ: ܾ			","2008-04-03 00:00:00.0	"
"ҽר޹˾	","עʱ()	","100	","500	","2007-07-02 00:00:00.0	"
"ҽר޹˾	","Ʊ	","	","	","2007-07-02 00:00:00.0	"
"ҽר޹˾	","Ӫҵ(Чޡפ)	","Ӫҵ: 2017-05-20	","Ӫҵ: Ӫҵ: 	","2017-04-26 00:00:00.0	"
"ҽר޹˾	","עʱ()	","500	","3000	","2017-06-14 00:00:00.0	"
"ҽר޹˾	","Ͷ(Ȩ)	","ҵ: Ͷʹ޹˾; ʶ: **; ٷֱ: **%		ҵ: ʡͶʹ޹˾; ʶ: ***; ٷֱ: **%		ҵ: ҽѧҽԺ޹˾; ʶ: ***; ٷֱ: **%			","ҵ: Ͷʹ޹˾; ʶ: ***; ٷֱ: **%		ҵ: ʡͶʹ޹˾; ʶ: ***; ٷֱ: **%		ҵ: ҽѧҽԺ޹˾; ʶ: ****; ٷֱ: **%			","2017-06-14 00:00:00.0	"
"ҽר޹˾	","ס	","к·***	","㽭ʡк·***	","2017-04-26 00:00:00.0	"
"ҽר޹˾	","߼Ա	",": ƽ; ֤: ; ֤: ********; Ա: ; ְ: 		: ; ֤: ; ֤: ********; Ա: ; ְ: ִж		: ; ֤: ; ֤: ********; Ա: ; ְ: ܾ			",": Huang Shaojie; ֤: ; ֤: GA******; Ա: ; ְ: ִж		: Huang Shaojie; ֤: ; ֤: GA******; Ա: ; ְ: ܾ		: ƽ; ֤: ; ֤: ********; Ա: ; ְ: 			","2015-12-08 00:00:00.0	"
"ҽר޹˾	","ͳһôִ	","עţ********		֤֯	","ͳһô:9********6103X9	","2015-12-08 00:00:00.0	"
"ҽר޹˾	","Ͷ(Ȩ)	",": Խ; ʶ: **; ٷֱ: **%		: ; ʶ: ***; ٷֱ: **%		ҵ: ҽѧҽԺ޹˾; ʶ: ***; ٷֱ: **%; : ҵ			","ҵ: Ͷʹ޹˾; ʶ: **; ٷֱ: **%; : ҵ		ҵ: ʡͶʹ޹˾; ʶ: ***; ٷֱ: **%; : ҵ		ҵ: ҽѧҽԺ޹˾; ʶ: ***; ٷֱ: **%; : ҵ			","2013-12-24 00:00:00.0	"
"ҽר޹˾	","Ͷ(Ȩ)	",": Խ; ʶ: **; ٷֱ: **%		: ; ʶ: ***; ٷֱ: **%		ҵ: ĴҽԺ޹˾; ʶ: ***; ٷֱ: **%; : ҵ			",": Խ; ʶ: **; ٷֱ: **%		: ; ʶ: ***; ٷֱ: **%		ҵ: ҽѧҽԺ޹˾; ʶ: ***; ٷֱ: **%; : ҵ			","2013-05-08 00:00:00.0	"
"ҽר޹˾	","Ͷ(Ȩ)	","ҵ: ϺͶʹ޹˾; ʶ: **; ٷֱ: **%; : ҵ		ҵ: ϺͶʹ޹˾; ʶ: ***; ٷֱ: **%; : ҵ			",": Խ; ʶ: **; ٷֱ: **%		: ; ʶ: ***; ٷֱ: **%		ҵ: ĴҽԺ޹˾; ʶ: ***; ٷֱ: **%; : ҵ			","2012-01-04 00:00:00.0	"
"ҽר޹˾	","ס	","ס: ·***; : ******; 绰: ********;ס:ýֵ	","ס: к·***; : ******; 绰: ********;ס:ýֵ	","2008-11-28 00:00:00.0	"
"ҽר޹˾	","Ͷ(Ȩ)	","ҵ: ϺͶʹ޹˾; : ; ʶ: **; ٷֱ: **%; ס: Ϻϴ·****B; : 		ҵ: ϺͶʹ޹˾; : Խ; ʶ: **; ٷֱ: **%; ס: ֶ·**ż****; : 			","ҵ: ϺͶʹ޹˾; : ; ʶ: **; ٷֱ: **%; ס: Ϻϴ·****B; : ҵ		ҵ: ϺͶʹ޹˾; : Խ; ʶ: ***; ٷֱ: **%; ס: ֶ·**ż****; : ҵ			","2007-07-02 00:00:00.0	"
"ҽﲿ޹˾	","	","ҵϢ:G-1-44844	","ҵϢ:G-1-44844	","2016-12-07 00:00:00.0	"
"ҽﲿ޹˾	","	","Ͷ˼Ϣɸ:0ɸ:0ɸ:0˾Ϣ()˵:.	","Ͷ˼Ϣɸ:0ɸ:0ɸ:0˾Ϣ()˵:.	","2016-12-07 00:00:00.0	"
"ҽﲿ޹˾	","	","ҵϢӪҵִղԭ:ӪҵִĿ:.	","ҵϢӪҵִղԭ:1ӪҵִĿ:1.	","2016-12-07 00:00:00.0	"
"ҽﲿ޹˾	","	",",o%y:Y;f4S@4f	o?қiK/n	H2016t327	%y: ,%y: ,%y:L:@	L{:k>\v%y:%P6'(:/&(%P6'(:%:Y;f4S@4f	o?қiK/n	H2016t327	y+s{+(T{{+1):oy:20130605y:::2013-150	H:20130605y:#::s::@	H:99990101:;y:	Hy:20130328y:::k;gW2013-016	H:20130328y:#::s::k@	H:20160327:;:g:	Hy:20130206y:::l2013,0052	H:20130206y:#::s:l2/	H:99990101:2:	H.	3-016ţЧ:20130328Ŀ::ɻ:˼֣Ч:20160327ļ:ҽƻִҵ֤ļ״̬:Ч׼:20130206Ŀ:ļ:ļ:ù20130052ţЧ:20130206Ŀ::ɻ:й֧ӣЧ:99990101ļ:֤ļ״̬:Ч.	","ҵϢɾӪĿ:ﲿɾӪĿ:8330һ㾭ӪĿ:һ㾭ӪĿ:ҵ:ﲿҵ:ṤӪĿ:ӪΧ:ǷʹþӪΧ־:ӪΧ:ﲿرעҵ(Tҵ1):Ϣ׼:20130605Ŀ:ļ:ļ:û˼2013-150ţЧ:20130605Ŀ::ɻ:˼֣Ч:99990101ļ:ܲģļ״̬:Ч׼:20130328Ŀ:ļ:ļ:˼ҽִ2013-016ţЧ:20130328Ŀ::ɻ:˼֣Ч:20160327ļ:ҽƻִҵ֤ļ״̬:Ч׼:20130206Ŀ:ļ:ļ:ù20130052ţЧ:20130206Ŀ::ɻ:й֧ӣЧ:99990101ļ:֤ļ״̬:Ч.	","2016-12-07 00:00:00.0	"
"ҽﲿ޹˾	","	","˾Ϣ()˵:.	","˾Ϣ()˵:.	","2015-01-26 00:00:00.0	"
"ҽﲿ޹˾	","	","Clo,o(:){:	P#l(6D)DDoD{:6D:udg{:g:******4D:100.04D:100.0D:'Dԋ:10.0D:20130705Y4P:0+(0:):-/&:պD:D{: պD:;f;b	Plg{:պ%gg(l)g:******14D:700.04D:700.0D:'Dԋ:70.0D:20130705Y4P:0+(0:):-/&:պD:D{:6D:Fg{:g:******4D:200.04D:200.0D:'Dԋ:20.0D:20130705Y4P:0+(0:):-/&:պD:oy:20130605y:::2013-150	H:20130605y:#::s::@	H:99990101:;y:	Hy:20130328y:::k;gW2013-016	H:20130328y:#::s::k@	H:20160327:;:g:	Hy:20130206y:::l2013,0052	H:20130206y:#::s:l2/	H:99990101:2:	H	˼ҽִ2013-016ţЧ:20130328Ŀ::ɻ:˼֣Ч:20160327ļ:ҽƻִҵ֤ļ״̬:Ч׼:20130206Ŀ:ļ:ļ:ù20130052ţЧ:20130206Ŀ::ɻ:й֧ӣЧ:99990101ļ:֤ļ״̬:Ч	","Clol:l@`D:20.0l:200.0:שg:*********7l:**********l{:-pש:**********llg:*********llg{:שg{:պ%gg(l)l:Fש:D	Pll:l@`D:10.0l:100.0:שg:*********8l:**********l{:-pש:**********llg:*********llg{:שg{:պ%gg(l)l:udש:)D	Pl,o(:){:	P#l(6D)DDoD{: պD:)D	Plg{:պ%gg(l)g:******84D:100.04D:100.0D:'Dԋ:10.0D:20130705Y4P:0+(0:):-/&:պD:D{: պD:;f;b	Plg{:պ%gg(l)g:******14D:700.04D:700.0D:'Dԋ:70.0D:20130705Y4P:0+(0:):-/&:պD:D{: պD:D	Plg{:պ%gg(l)g:******74D:200.04D:200.0D:'Dԋ:20.0D:20130705Y4P:0+(0:):-/&:պD:oy:20130605y:::2013-150	H:20130605y:#::s::@	H:99990101:;y:	Hy:20130328y:((˾)֤ձ:******7Ͻɳʶ:200.0ʵɳʶ:200.0ʷʽ:ңʱ:20.0ʱ:20130705ɸ:0():йǷҵ:ŷͶ:Ϣ׼:20130605Ŀ:ļ:ļ:û˼2013-150ţЧ:20130605Ŀ::ɻ:˼֣Ч:99990101ļ:ܲģļ״̬:Ч׼:20130328Ŀ:ļ:ļ:˼ҽִ2013-016ţЧ:20130328Ŀ::ɻ:˼֣Ч:20160327ļ:ҽƻִҵ֤ļ״̬:Ч׼:20130206Ŀ:ļ:ļ:ù20130052ţЧ	","2015-01-26 00:00:00.0	"
"ҽﲿ޹˾	","	","ҵϢ:G-1-44844	","ҵϢ:G-1-44844	","2014-09-11 00:00:00.0	"
"ҽﲿ޹˾	","	","ҪԱϢ:־ᣬԱ:ԣְ:ִж£ò:ְʼ::壬ְֹ:ְʽ:˱־:1λ:Ա־:2־::й.	","ҪԱϢ:Ա:ԣְ:ִж£ò:ְʼ::壬ְֹ:ְʽ:ѡ٣˱־:1λ:Ա־:2־::й	","2014-09-11 00:00:00.0	"
"ҽﲿ޹˾	","	","̵Ǽˣ.	","̵ǼˣԱ:Ůԣ::361000:	","2014-09-11 00:00:00.0	"
"ҽﲿ޹˾	","	","˾Ϣ()˵:.	","˾Ϣ()˵:Ͻעʱ2063-07-09ǰ㡣.	","2017-06-07 00:00:00.0	"
"ҽﲿ޹˾	","	","Clo,o(:){:	P#l(6D)DDoD{:6D:udg{:g:******4D:100.04D:100.0D:'Dԋ:10.0D:20130705Y4P:0+(0:):-/&:պD:D{: պD:;f;b	Plg{:պ%gg(l)g:******14D:700.04D:700.0D:'Dԋ:70.0D:20130705Y4P:0+(0:):-/&:պD:D{:6D:Fg{:g:******4D:200.04D:200.0D:'Dԋ:20.0D:20130705Y4P:0+(0:):-/&:պD:oy:20130605y:::2013-150	H:20130605y:#::s::@	H:99990101:;y:	Hy:20130328y:::k;gW2013-016	H:20130328y:#::s::k@	H:20160327:;:g:	Hy:20130206y:::l2013,0052	H:20130206y:#::s:l2/	H:99990101:2:	H	˼ҽִ2013-016ţЧ:20130328Ŀ::ɻ:˼֣Ч:20160327ļ:ҽƻִҵ֤ļ״̬:Ч׼:20130206Ŀ:ļ:ļ:ù20130052ţЧ:20130206Ŀ::ɻ:й֧ӣЧ:99990101ļ:֤ļ״̬:Ч	","	","2015-01-26 00:00:00.0	"
"ҽﲿ޹˾	","	","4o,o:^6	Plv(WW莱;	Pl(a;l{vՋ#DDo4D:100.04D:700.04D:200.0Y4P:553Y4P:553Y4P:553D:'D:'D:'D:20130705D:20130705D:20130705Y4:20630709Y4:20630709Y4:20630709DDoD{: պD:)D	Plg{:պ%gg(l)g:***************4D:250.04D:100.0D:'Dԋ:10.0D:20130705Y4P:553+(0:):-/&:պD:D{: պD:;f;b	Plg{:պ%gg(l)g:***************4D:1750.04D:700.0D:'Dԋ:70.0D:20130705Y4P:553+(0:):-/&:պD:D{: պD:D	Plg{:պ%gg(l)g:***************4D:500.04D:200.0D:'Dԋ:20.0D:20130705Y4P:553+(0:):-/&:պD:l,o(eE)6D,:1000.0D:@4D,2063-07-09M4.	: ҵˣͶ:ʡͶʹ޹˾֤:ҵӪҵִ(˾)֤ձ:***************Ͻɳʶ:500.0ʵɳʶ:200.0ʷʽ:ңʱ:20.0ʱ:20130705ɸ:553():йǷҵ:ŷͶ:˾Ϣ()ʵʱ:1000.0˵:Ͻעʱ2063-07-09ǰ㡣.	","4o,o:^6	Plv(WW莱;	Pl(a;l{vՋ#DDo4D:250.04D:1750.04D:500.0Y4P:0Y4P:0Y4P:0D:'D:'D:'D:20170711D:20170711D:20170711Y4:Y4:Y4:DDoD{: պD:)D	Plg{:պ%gg(l)g:***************4D:250.04D:250.0D:'Dԋ:10.0D:20170711Y4P:0+(0:):-/&:պD:D{: պD:;f;b	Plg{:պ%gg(l)g:***************4D:1750.04D:1750.0D:'Dԋ:70.0D:20170711Y4P:0+(0:):-/&:պD:D{: պD:D	Plg{:պ%gg(l)g:***************4D:500.04D:500.0D:'Dԋ:20.0D:20170711Y4P:0+(0:):-/&:պD:l,o(eE)6D,:2500.0D:.	Ƿҵ:ŷͶ:Ͷ: ҵˣͶ:ʡͶʹ޹˾֤:ҵӪҵִ(˾)֤ձ:***************Ͻɳʶ:500.0ʵɳʶ:500.0ʷʽ:ңʱ:20.0ʱ:20170711ɸ:0():йǷҵ:ŷͶ:˾Ϣ()ʵʱ:2500.0˵:.	","2017-08-24 00:00:00.0	"
"ҽﲿ޹˾	","	","˾Ϣ()˵:Ͻעʱ2063-07-09ǰ㡣.	","˾Ϣ()˵:.	","2017-08-24 00:00:00.0	"
"ҽﲿ޹˾	","	","ҵϢҵ():ι˾(ȻͶʻع)עʱ():1000.0Ͷ˼ϢͶ: ҵˣͶ:Ͷʹ޹˾֤:ҵӪҵִ(˾)֤ձ:***************Ͻɳʶ:100.0ʵɳʶ:100.0ʷʽ:ңʱ:10.0ʱ:20130705ɸ:0():йǷҵ:ŷͶ:Ͷ: ҵˣͶ:ҽѧҽԺ޹˾֤:ҵӪҵִ(˾)֤ձ:***************Ͻɳʶ:700.0ʵɳʶ:700.0ʷʽ:ңʱ:70.0ʱ:20130705ɸ:0():йǷҵ:ŷͶ:Ͷ: ҵˣͶ:ʡͶʹ޹˾֤:ҵӪҵִ(˾)֤ձ:***************Ͻɳʶ:200.0ʵɳʶ:200.0ʷʽ:ңʱ:20.0ʱ:20130705ɸ:0():йǷҵ:ŷͶ:˾Ϣ()˵:.	","ҵϢҵ():ι˾(ȻͶʻع)עʱ():2500.0Ͷ˼ϢͶ: ҵˣͶ:Ͷʹ޹˾֤:ҵӪҵִ(˾)֤ձ:***************Ͻɳʶ:250.0ʵɳʶ:100.0ʷʽ:ңʱ:10.0ʱ:20130705ɸ:553():йǷҵ:ŷͶ:Ͷ: ҵˣͶ:ҽѧҽԺ޹˾֤:ҵӪҵִ(˾)֤ձ:***************Ͻɳʶ:1750.0ʵɳʶ:700.0ʷʽ:ңʱ:70.0ʱ:20130705ɸ:553():йǷҵ:ŷͶ:Ͷ: ҵˣͶ:ʡͶʹ޹˾֤:ҵӪҵִ(˾)֤ձ:***************Ͻɳʶ:500.0ʵɳʶ:200.0ʷʽ:ңʱ:20.0ʱ:20130705ɸ:553():йǷҵ:ŷͶ:˾Ϣ()˵:Ͻעʱ2063-07-09ǰ㡣	","2017-06-07 00:00:00.0	"
"ҽﲿ޹˾	","	","Clo,o(:){:	P#l(6D)DDoD{:6D:udg{:g:4D:100.04D:100.0D:'Dԋ:10.0D:20130705Y4P:0+(0:):-/&:պD:D{: պD:;f;b	Plg{:պ%gg(l)g:***************4D:700.04D:700.0D:'Dԋ:70.0D:20130705Y4P:0+(0:):-/&:պD:D{:6D:Fg{:g:4D:200.04D:200.0D:'Dԋ:20.0D:20130705Y4P:0+(0:):-/&:պD:oy:20130605y:::2013-150	H:20130605y:#::s::@	H:99990101:;y:	Hy:20130328y:::k;gW2013-016	H:20130328y:#::s::k@	H:20160327:;:g:	Hy:20130206y:::l2013,0052	H:20130206y:#::s:l2/	H:99990101:2:	H	˼ҽִ2013-016ţЧ:20130328Ŀ::ɻ:˼֣Ч:20160327ļ:ҽƻִҵ֤ļ״̬:Ч׼:20130206Ŀ:ļ:ļ:ù20130052ţЧ:20130206Ŀ::ɻ:й֧ӣЧ:99990101ļ:֤ļ״̬:Ч	","Clol:l@`D:20.0l:200.0:שg:***************l:****************************l{:-pש:****************************llg:llg{:שg{:պ%gg(l)l:Fש:D	Pll:l@`D:10.0l:100.0:שg:***************l:****************************l{:-pש:****************************llg:llg{:שg{:պ%gg(l)l:udש:)D	Pl,o(:){:	P#l(6D)DDoD{: պD:)D	Plg{:պ%gg(l)g:***************4D:100.04D:100.0D:'Dԋ:10.0D:20130705Y4P:0+(0:):-/&:պD:D{: պD:;f;b	Plg{:պ%gg(l)g:***************4D:700.04D:700.0D:'Dԋ:70.0D:20130705Y4P:0+(0:):-/&:պD:D{: պD:D	Plg{:պ%gg(l)g:***************4D:200.04D:200.0D:'Dԋ:20.0D:20130705Y4P:0+(0:):-/&:պD:oy:20130605y:::2013-150	H:2013060ҵ:ŷͶ:Ͷ: ҵˣͶ:ʡͶʹ޹˾֤:ҵӪҵִ(˾)֤ձ:***************Ͻɳʶ:200.0ʵɳʶ:200.0ʷʽ:ңʱ:20.0ʱ:20130705ɸ:0():йǷҵ:ŷͶ:Ϣ׼:20130605Ŀ:ļ:ļ:û˼2013-150ţЧ:20130605Ŀ::ɻ:˼֣Ч:99990101ļ:ܲģļ״̬:Ч׼:20130328Ŀ:ļ:ļ:˼ҽִ2013-016ţЧ:20130328Ŀ::ɻ:˼֣Ч:20160327ļ:ҽƻִҵ֤ļ״̬:Ч׼:20130206Ŀ:ļ:ļ:ù20130052ţЧ:20130206Ŀ::ɻ:й֧ӣЧ:99990101ļ:֤ļ״̬:Ч	","2015-01-26 00:00:00.0	"
"ҽﲿ޹˾	","	","<b>ҵϢ</b>:G-1-44844ע:***************	","<b>ҵϢ</b>:G-1-44844ע:***************	","2018-07-02 00:00:00.0	"
"ҽﲿ޹˾	","	","4o,o:^6	Plv(WW莱;	Pl(a;l{vՋ#DDo4D:100.04D:700.04D:200.0Y4P:553Y4P:553Y4P:553D:'D:'D:'D:20130705D:20130705D:20130705Y4:20630709Y4:20630709Y4:20630709DDoD{:  պD:)D	Plg{:պ%gg(l)g:***************{::4D:250.04D:100.0D:'Dԋ:10.0D:20130705Y4P:553+(0:):-/&:պD:D{:  պD:;f;b	Plg{:պ%gg(l)g:***************{::4D:1750.04D:700.0D:'Dԋ:70.0D:20130705Y4P:553+(0:):-/&:պD:D{:  պD:D	Plg{:պ%gg(l)g:***************{::4D:500.04D:200.0D:'Dԋ:20.0D:20130705Y4P:553+(0:):-/&:պD:l,o(eE)6D,:1000.0D:@4D,2063-07-09M4.	:  ҵˣͶ:ʡͶʹ޹˾֤:ҵӪҵִ(˾)֤ձ:***************֤:֤:Ͻɳʶ:500.0ʵɳʶ:200.0ʷʽ:ңʱ:20.0ʱ:20130705ɸ:553():йǷҵ:ŷͶ:˾Ϣ()ʵʱ:1000.0˵:Ͻעʱ2063-07-09ǰ㡣.	","4o,o:^6	Plv(WW莱;	Pl(a;l{vՋ#DDo4D:250.04D:1750.04D:500.0Y4P:0Y4P:0Y4P:0D:'D:'D:'D:20170711D:20170711D:20170711Y4:Y4:Y4:DDoD{:  պD:)D	Plg{:պ%gg(l)g:***************{::4D:250.04D:250.0D:'Dԋ:10.0D:20170711Y4P:0+(0:):-/&:պD:D{:  պD:;f;b	Plg{:պ%gg(l)g:***************{::4D:1750.04D:1750.0D:'Dԋ:70.0D:20170711Y4P:0+(0:):-/&:պD:D{:  պD:D	Plg{:պ%gg(l)g:***************{::4D:500.04D:500.0D:'Dԋ:20.0D:20170711Y4P:0+(0:):-/&:պD:l,o(eE)6D,:2500.0D:.	Ƿҵ:ŷͶ:Ͷ:  ҵˣͶ:ʡͶʹ޹˾֤:ҵӪҵִ(˾)֤ձ:***************֤:֤:Ͻɳʶ:500.0ʵɳʶ:500.0ʷʽ:ңʱ:20.0ʱ:20170711ɸ:0():йǷҵ:ŷͶ:˾Ϣ()ʵʱ:2500.0˵:.	","2017-08-24 00:00:00.0	"
"ҽﲿ޹˾	","	","ҵϢҵ():ι˾(ȻͶʻع)עʱ():1000.0Ͷ˼ϢͶ:  ҵˣͶ:Ͷʹ޹˾֤:ҵӪҵִ(˾)֤ձ:***************֤:֤:Ͻɳʶ:100.0ʵɳʶ:100.0ʷʽ:ңʱ:10.0ʱ:20130705ɸ:0():йǷҵ:ŷͶ:Ͷ:  ҵˣͶ:ҽѧҽԺ޹˾֤:ҵӪҵִ(˾)֤ձ:***************֤:֤:Ͻɳʶ:700.0ʵɳʶ:700.0ʷʽ:ңʱ:70.0ʱ:20130705ɸ:0():йǷҵ:ŷͶ:Ͷ:  ҵˣͶ:ʡͶʹ޹˾֤:ҵӪҵִ(˾)֤ձ:***************֤:֤:Ͻɳʶ:200.0ʵɳʶ:200.0ʷʽ:ңʱ:20.0ʱ:20130705ɸ:0():йǷҵ:ŷͶ:˾Ϣ()˵:.	",",o(:){:	P#l(6D)D,():2500.0DDoD{:  պD:)D	Plg{:պ%gg(l)g:***************{::4D:250.04D:100.0D:'Dԋ:10.0D:20130705Y4P:553+(0:):-/&:պD:D{:  պD:;f;b	Plg{:պ%gg(l)g:***************{::4D:1750.04D:700.0D:'Dԋ:70.0D:20130705Y4P:553+(0:):-/&:պD:D{:  պD:D	Plg{:պ%gg(l)g:***************{::4D:500.04D:200.0D:'Dԋ:20.0D:20130705Y4P:553+(0:):-/&:պD:l,o(eE)D:@4D,2063-07-09M4	*********֤:֤:Ͻɳʶ:500.0ʵɳʶ:200.0ʷʽ:ңʱ:20.0ʱ:20130705ɸ:553():йǷҵ:ŷͶ:˾Ϣ()˵:Ͻעʱ2063-07-09ǰ㡣	","2017-06-07 00:00:00.0	"
"ҽﲿ޹˾	","	","<b>4o</b><br><b>,o</b>:^6	Plv(WW莱;	Pl(a;l{vՋ#<br><b>DDo</b>4D:250.04D:1750.04D:500.0Y4P:0Y4P:0Y4P:0D:'D:'D:'D:20170711D:20170711D:20170711Y4:Y4:Y4:<br><b>DDo</b><br>D{:  պD:)D	Plg{:պ%gg(l)g:***************4D:250.04D:250.0D:'Dԋ:10.0D:20170711Y4P:0+(0:):-/&:պD:<br>D{:  պD:;f;b	Plg{:պ%gg(l)g:***************4D:1750.04D:1750.0D:'Dԋ:70.0D:20170711Y4P:0+(0:):-/&:պD:<br>D{:  պD:D	Plg{:պ%gg(l)g:***************4D:500.04D:500.0D:'Dԋ:20.0D:20170711Y4P:0+(0:):-/&:պD:<br><b>l,o(eE)</b>6D,:2500.0D:.	:<br>Ͷ:  ҵˣͶ:ʡͶʹ޹˾֤:ҵӪҵִ(˾)֤ձ:***************Ͻɳʶ:500.0ʵɳʶ:500.0ʷʽ:ңʱ:20.0ʱ:20170711ɸ:0():йǷҵ:ŷͶ:<br><b>˾Ϣ()</b>ʵʱ:2500.0˵:.	","<b>4o</b><br><b>,o</b>:^6	Plv(WW莱;	Pl(a;l{vՋ#<br><b>DDo</b>4D:285.04D:1995.04D:570.0Y4P:0Y4P:0Y4P:0D:'D:'D:'D:20170711D:20170711D:20170711Y4:Y4:Y4:<br><b>DDo</b><br>D{:  պD:)D	Plg{:պ%gg(l)g:***************4D:285.04D:285.0D:'Dԋ:10.0D:20170711Y4P:0+(0:):-/&:պD:<br>D{:  պD:;f;b	Plg{:պ%gg(l)g:***************4D:1995.04D:1995.0D:'Dԋ:70.0D:20170711Y4P:0+(0:):-/&:պD:<br>D{:  պD:D	Plg{:պ%gg(l)g:***************4D:570.04D:570.0D:'Dԋ:20.0D:20170711Y4P:0+(0:):-/&:պD:<br><b>l,o(eE)</b>6D,:2850.0D:.	:<br>Ͷ:  ҵˣͶ:ʡͶʹ޹˾֤:ҵӪҵִ(˾)֤ձ:***************Ͻɳʶ:570.0ʵɳʶ:570.0ʷʽ:ңʱ:20.0ʱ:20170711ɸ:0():йǷҵ:ŷͶ:<br><b>˾Ϣ()</b>ʵʱ:2850.0˵:.	","2018-08-07 00:00:00.0	"
"ҽﲿ޹˾	","	","<b>ҵϢ</b>ҵ():ι˾(ȻͶʻع)עʱ():2500.0<br><b>Ͷ˼Ϣ</b><br>Ͷ:  ҵˣͶ:Ͷʹ޹˾֤:ҵӪҵִ(˾)֤ձ:***************Ͻɳʶ:250.0ʵɳʶ:250.0ʷʽ:ңʱ:10.0ʱ:20170711ɸ:0():йǷҵ:ŷͶ:<br>Ͷ:  ҵˣͶ:ҽѧҽԺ޹˾֤:ҵӪҵִ(˾)֤ձ:***************Ͻɳʶ:1750.0ʵɳʶ:1750.0ʷʽ:ңʱ:70.0ʱ:20170711ɸ:0():йǷҵ:ŷͶ:<br>Ͷ:  ҵˣͶ:ʡͶʹ޹˾֤:ҵӪҵִ(˾)֤ձ:***************Ͻɳʶ:500.0ʵɳʶ:500.0ʷʽ:ңʱ:20.0ʱ:20170711ɸ:0():йǷҵ:ŷͶ:<br><b>˾Ϣ()</b>˵:.	","<b>ҵϢ</b>ҵ():ι˾(ȻͶʻع)עʱ():2850.0<br><b>Ͷ˼Ϣ</b><br>Ͷ:  ҵˣͶ:Ͷʹ޹˾֤:ҵӪҵִ(˾)֤ձ:***************Ͻɳʶ:285.0ʵɳʶ:285.0ʷʽ:ңʱ:10.0ʱ:20170711ɸ:0():йǷҵ:ŷͶ:<br>Ͷ:  ҵˣͶ:ҽѧҽԺ޹˾֤:ҵӪҵִ(˾)֤ձ:***************Ͻɳʶ:1995.0ʵɳʶ:1995.0ʷʽ:ңʱ:70.0ʱ:20170711ɸ:0():йǷҵ:ŷͶ:<br>Ͷ:  ҵˣͶ:ʡͶʹ޹˾֤:ҵӪҵִ(˾)֤ձ:***************Ͻɳʶ:570.0ʵɳʶ:570.0ʷʽ:ңʱ:20.0ʱ:20170711ɸ:0():йǷҵ:ŷͶ:<br><b>˾Ϣ()</b>˵:.	","2018-08-07 00:00:00.0	"
"ҽﲿ޹˾	","	","<b>˾Ϣ()</b>˵:.	","<b>˾Ϣ()</b>˵:.	","2018-08-07 00:00:00.0	"
"ҽﲿ޹˾	","	","ҪԱϢ:־ᣬԱ:ԣ绰:***********:֤:л񹲺͹֤֤:******************ְ:ִж£ò:ְʼ::壬ְֹ:ְʽ:˱־:1λ:Ա־:2ס:й¥´壬־::й.	","ҪԱϢ:Ա:ԣ绰:***********:֤:л񹲺͹֤֤:******************ְ:ִж£ò:ְʼ::壬ְֹ:ְʽ:ѡ٣˱־:1λ:Ա־:2ס:к԰·285502ң־::й	","2014-09-11 00:00:00.0	"
"ҽﲿ޹˾	","	","̵Ǽˣ.	","̵ǼˣԱ:Ůԣ::361000֤:л񹲺͹֤ϵַ:к·83504ƶ绰:***********:֤:*******************	","2014-09-11 00:00:00.0	"
"ҽﲿ޹˾	","	","<b>Ϣ</b>	","<b>Ϣ</b><br><font color='blue'></font>ע::ծȨн:ְ:ծн:㸺:Ա:÷Ҷࡢ:.	","2018-08-27 00:00:00.0	"
"ҽﲿ޹˾	","	","Clo,o(:){:	P#l(6D)DDoD{:6D:udg{:g:4D:100.04D:100.0D:'Dԋ:10.0D:20130705Y4P:0+(0:):-/&:պD:D{:  պD:;f;b	Plg{:պ%gg(l)g:***************4D:700.04D:700.0D:'Dԋ:70.0D:20130705Y4P:0+(0:):-/&:պD:D{:6D:Fg{:g:4D:200.04D:200.0D:'Dԋ:20.0D:20130705Y4P:0+(0:):-/&:պD:oy:20130605y:::2013-150	H:20130605y:#::s::@	H:99990101:;y:	Hy:20130328y:::k;gW2013-016	H:20130328y:#::s::k@	H:20160327:;:g:	Hy:20130206y:::l2013,0052	H:20130206y:#::s:l2/	H:99990101:2:	H	˼ҽִ2013-016ţЧ:20130328Ŀ::ɻ:˼֣Ч:20160327ļ:ҽƻִҵ֤ļ״̬:Ч׼:20130206Ŀ:ļ:ļ:ù20130052ţЧ:20130206Ŀ::ɻ:й֧ӣЧ:99990101ļ:֤ļ״̬:Ч	","Clol:l@`D:20.0l:200.0:שg:***************{:l:****************************l{:-pש:****************************l{:-NqElg:l:******************lg{:שg{:պ%gg(l):l:Fש:D	Pll:l@`D:10.0l:100.0:שg:***************{:l:****************************l{:-pש:****************************l{:-NqElg:l:******************lg{:שg{:պ%gg(l):l:udש:)D	Pl,o(:){:	P#l(6D)DDoD{:  պD:)D	Plg{:պ%gg(l)g:***************4D:100.04D:100.0D:'Dԋ:10.0D:20130705Y4P:0+(0:):-/&:պD:D{:  պD:;f;b	Plg{:պ%gg(l)g:***************4D:700.04D:700.0D:'Dԋ:70.0D:20130705Y4P:0+(0:):-/&:պD:D{:  պD:D	Plg{:պ%gg(l)g:***************4D:200.04D:200.0D:'Dԋ:20.0Dպ%gg(l)g:***************4D:700.04D:700.0D:'Dԋ:70.0D:20130705Y4P:0+(0:):-/&:պD:D{:  պD:D	Plg{:պ%gg(l)g:***************4D:200.04D:200.0D:'Dԋ:20.0D:20130705Y4P:0+(0:):-/&:պD:oy:20130605y:::2013-150	H:20130605y:#::s::@	H:99990101:;y:	Hy:20130328y:::k;gW2013-016	H:20130328y:#::s::k@	H:20160327:;:g:	Hy:20130206y:::l2013,0052	H:20130206y:#::s:l2/	H:99990101:2:	H	Ч:20160327ļ:ҽƻִҵ֤ļ״̬:Ч׼:20130206Ŀ:ļ:ļ:ù20130052ţЧ:20130206Ŀ::ɻ:й֧ӣЧ:99990101ļ:֤ļ״̬:Ч	","2015-01-26 00:00:00.0	"
"ҽҽԺ޹˾	","һһ뻻	","	","	","2016-01-20 00:00:00.0	"
"ĴܰҽѧҽԺ޹˾	","³̱	","/	","/	","2016-09-27 00:00:00.0	"
"ĴܰҽѧҽԺ޹˾	","³	","/	","/	","2016-04-22 00:00:00.0	"
"ĴܰҽѧҽԺ޹˾	","ס	","ɶ·7	","ɶ·25	","2016-04-22 00:00:00.0	"
"ĴܰҽѧҽԺ޹˾	","Ͷ(Ȩ)	","ɶͶʹ޹˾;ҽѧҽԺ޹˾;⽨;	","ɶͶʹ޹˾;ҽѧҽԺ޹˾;ĴڸҽԺ޹˾;	","2015-04-01 00:00:00.0	"
"ĴܰҽѧҽԺ޹˾	","³	","/	","/	","2015-04-01 00:00:00.0	"
"ĴܰҽѧҽԺ޹˾	","ӪΧ	","רҵơơƤơҽơơٴҺѪҺרҵٴרҵXרҵרҵĵרҵƾ֤ӪЧ2015419գϢѯ񡣣뾭׼Ŀز׼󷽿ɿչӪ	","ƣרҵ/ҽƣƣƣƤƣҽ//ҽѧƣٴҺѪҺרҵٴѧרҵ/ҽѧӰƣXרҵרҵĵרҵƾ֤ӪЧ20200419գϢѯ񡣣뾭׼Ŀز׼󷽿ɿչӪ	","2015-04-01 00:00:00.0	"
"ĴܰҽѧҽԺ޹˾	","Ͷ(Ȩ)	","ҽѧҽԺ޹˾;ֹǿ;⽨;	","ɶͶʹ޹˾;ҽѧҽԺ޹˾;⽨;	","2014-09-12 00:00:00.0	"
"ĴܰҽѧҽԺ޹˾	","³	","/	","/	","2014-09-12 00:00:00.0	"
"ĴܰҽѧҽԺ޹˾	","֤	","/	","/	","2014-06-11 00:00:00.0	"
"ĴܰҽѧҽԺ޹˾	","˱	","ֹǿ	","Ѧ죬л񹲺͹֤*****	","2014-02-11 00:00:00.0	"
"ĴܰҽѧҽԺ޹˾	","	","/	","Ѧ죬	","2014-02-11 00:00:00.0	"
"ĴܰҽѧҽԺ޹˾	","߼Ա¡¡ȣ	","ֹǿִж¼ܾ	","ֹǿִж	","2014-02-11 00:00:00.0	"
"ĴܰҽѧҽԺ޹˾	","³	","/	","/	","2014-02-11 00:00:00.0	"
"ĴܰҽѧҽԺ޹˾	","Ͷ(Ȩ)	","ֹǿ;ҽѧҽԺ޹˾;⽨;	","ɶͶʹ޹˾;ҽѧҽԺ޹˾;⽨;	","2014-02-11 00:00:00.0	"
"ĴܰҽѧҽԺ޹˾	","³	","/	","/	","2013-07-22 00:00:00.0	"
"ĴܰҽѧҽԺ޹˾	","Ͷ()	","ĴҽԺ޹˾;	","ҽѧҽԺ޹˾;	","2013-07-22 00:00:00.0	"
"ĴܰҽѧҽԺ޹˾	","Ͷ(Ȩ)	","ϺͶʹ޹˾;Ĵ콡ҽԺͶʹ޹˾;	","ֹǿ;ĴҽԺ޹˾;⽨;	","2011-12-30 00:00:00.0	"
"ĴܰҽѧҽԺ޹˾	","鱸	","/	","/	","2011-12-30 00:00:00.0	"
"ĴܰҽѧҽԺ޹˾	","ӪΧ	","רҵơơƤơҽơơٴҺѪҺרҵٴרҵXרҵרҵĵרҵƾ֤ӪЧ2015419գϾӪΧҷɡ桢Ժƻֹĳ⣬漰ɵƾ֤Ӫ	","רҵơơƤơҽơơٴҺѪҺרҵٴרҵXרҵרҵĵרҵƾ֤ӪЧ2015419գϢѯ񡣣ϾӪΧҷɡ桢Ժƻֹĳ⣬漰ɵƾ֤Ӫ	","2011-05-03 00:00:00.0	"
"ĴܰҽѧҽԺ޹˾	","ӪΧ	","רҵơơƤơҽơơٴҺѪҺרҵٴרҵXרҵרҵĵרҵƾ֤ӪЧ2010619գϢѯ񡣣ҷɡ桢ԺֹƵĳ⣩	","רҵơơƤơҽơơٴҺѪҺרҵٴרҵXרҵרҵĵרҵƾ֤ӪЧ2015419գϾӪΧҷɡ桢Ժƻֹĳ⣬漰ɵƾ֤Ӫ	","2011-04-19 00:00:00.0	"
"ĴܰҽѧҽԺ޹˾	","ӪΧ	","רҵơơƤơҽơơٴҺѪҺרҵٴרҵXרҵרҵĵרҵƾ֤ӪЧ2010619գ	","רҵơơƤơҽơơٴҺѪҺרҵٴרҵXרҵרҵĵרҵƾ֤ӪЧ2010619գϢѯ񡣣ҷɡ桢ԺֹƵĳ⣩	","2008-12-22 00:00:00.0	"
"ĴܰҽѧҽԺ޹˾	","Ͷ(Ȩ)	","ϺͶʹ޹˾;ĴҽԺ޹˾;Ĵ콡ҽԺͶʹ޹˾;	","ϺͶʹ޹˾;Ĵ콡ҽԺͶʹ޹˾;	","2008-12-22 00:00:00.0	"
"ĴܰҽѧҽԺ޹˾	","˱	","Զ	","ֹǿл񹲺͹֤*****	","2008-12-22 00:00:00.0	"
"ĴܰҽѧҽԺ޹˾	","鱸	","/	","/	","2008-12-22 00:00:00.0	"
"ĴܰҽѧҽԺ޹˾	","	","/	","ֹǿִж¼ܾ	","2008-12-22 00:00:00.0	"
"ĴܰҽѧҽԺ޹˾	","߼Ա¡¡ȣ	","/	","ֹǿִж¼ܾ	","2008-12-22 00:00:00.0	"
"ĴܰҽѧҽԺ޹˾	","ӪΧ	","ҽݣרҵרҵƤרҵҽרҵƣרҵҽѧӰƣרҵĵרҵXרҵҽѧƣٴҺѪҺרҵٴרҵơҽƻｨЧ201058գδȡҽƻִҵ֤֮ǰô¾Ӫ	","רҵơơƤơҽơơٴҺѪҺרҵٴרҵXרҵרҵĵרҵƾ֤ӪЧ2010619գ	","2008-06-30 00:00:00.0	"
"ĴܰҽѧҽԺ޹˾	","Ӫ(Ӫҵ)	","2008-06-06  2010-05-08	","3999-01-01	","2008-06-30 00:00:00.0	"
"ĴܰҽѧҽԺ޹˾	","ʵʱ	","500	","1000	","2008-06-30 00:00:00.0	"
"ĴܰҽѧҽԺ޹˾	","߼Ա¡¡ȣ	","	","	","2018-12-05 00:00:00.0	"
"ĴܰҽѧҽԺ޹˾	","Ͷ(Ȩ)	","ƣרҵ/ҽƣƣƣƤƣҽ//ҽѧƣٴҺѪҺרҵٴѧרҵ/ҽѧӰƣXרҵרҵĵרҵƾ֤ӪЧ20200419գϢѯ񡣣뾭׼Ŀز׼󷽿ɿչӪ	","ƣרҵ/ǻ/ҽݿƣƣƣƤƣҽ//ҽѧƣٴҺѪҺרҵٴѧרҵ/ҽѧӰƣXרҵרҵĵרҵƾҽƻִҵ֤ЧھӪϢѯ񡣣뾭׼Ŀز׼󷽿ɿչӪ	","2018-12-05 00:00:00.0	"
"ĴܰҽѧҽԺ޹˾	","߼Ա¡¡ȣ	","/	","/	","2016-09-27 00:00:00.0	"
"ĴܰҽѧҽԺ޹˾	","߼Ա¡¡ȣ	","/	","/	","2016-04-22 00:00:00.0	"
"ĴܰҽѧҽԺ޹˾	","ɶɷݷ˸ıƱ	","ɶͶʹ޹˾;ҽѧҽԺ޹˾;⽨;	","ɶͶʹ޹˾;ҽѧҽԺ޹˾;ĴڸҽԺ޹˾;	","2015-04-01 00:00:00.0	"
"ĴܰҽѧҽԺ޹˾	","߼Ա¡¡ȣ	","/	","/	","2015-04-01 00:00:00.0	"
"ĴܰҽѧҽԺ޹˾	","Ͷ(Ȩ)	","רҵơơƤơҽơơٴҺѪҺרҵٴרҵXרҵרҵĵרҵƾ֤ӪЧ2015419գϢѯ񡣣뾭׼Ŀز׼󷽿ɿչӪ	","ƣרҵ/ҽƣƣƣƤƣҽ//ҽѧƣٴҺѪҺרҵٴѧרҵ/ҽѧӰƣXרҵרҵĵרҵƾ֤ӪЧ20200419գϢѯ񡣣뾭׼Ŀز׼󷽿ɿչӪ	","2015-04-01 00:00:00.0	"
"ĴܰҽѧҽԺ޹˾	","߼Ա¡¡ȣ	","/	","/	","2014-09-12 00:00:00.0	"
"ĴܰҽѧҽԺ޹˾	","ɶɷݷ˸ıƱ	","ҽѧҽԺ޹˾;ֹǿ;⽨;	","ɶͶʹ޹˾;ҽѧҽԺ޹˾;⽨;	","2014-09-12 00:00:00.0	"
"ĴܰҽѧҽԺ޹˾	","ӪΧ	","ƣרҵ/ҽƣƣƣƤƣҽ//ҽѧƣٴҺѪҺרҵٴѧרҵ/ҽѧӰƣXרҵרҵĵרҵƾ֤ӪЧ20200419գϢѯ񡣣뾭׼Ŀز׼󷽿ɿչӪ	","ƣרҵ/ǻ/ҽݿƣƣƣƤƣҽ//ҽѧƣٴҺѪҺרҵٴѧרҵ/ҽѧӰƣXרҵרҵĵרҵƾҽƻִҵ֤ЧھӪϢѯ񡣣뾭׼Ŀز׼󷽿ɿչӪ	","2018-12-05 00:00:00.0	"
"ĴܰҽѧҽԺ޹˾	","³	","	","	","2018-12-05 00:00:00.0	"
"ĴܰҽѧҽԺ޹˾	","³	","	","	","2019-05-22 00:00:00.0	"
"ĴܰҽѧҽԺ޹˾	","ӪΧ	","ƣרҵ/ǻ/ҽݿƣƣƣƤƣҽ//ҽѧƣٴҺѪҺרҵٴѧרҵ/ҽѧӰƣXרҵרҵĵרҵƾҽƻִҵ֤ЧھӪϢѯ񡣣뾭׼Ŀز׼󷽿ɿչӪ	","ƣרҵ/ǻ/ҽݿƣƣƣƤƣҽ//ҽѧƣٴҺѪҺרҵٴѧרҵ/ҽѧӰƣXרҵרҵĵרҵƾҽƻִҵ֤ЧھӪϢѯۻױƷ뾭׼Ŀز׼󷽿չӪ	","2019-05-22 00:00:00.0	"
"컪ҽԺ޹˾	","ɶ(Ȩת)	","ҽѧҽԺ޹˾⽨ɣͶʹ޹˾ղN	","ŻҽͶ޹˾ĴڸҽԺ޹˾ҽѧҽԺ޹˾Ͷʹ޹˾	","2015-04-10 00:00:00.0	"
"컪ҽԺ޹˾	","ˣˡϯϻִ˵ȣ	","Դ	","	","2015-04-10 00:00:00.0	"
"컪ҽԺ޹˾	","ӪΧ	","ơƤơҽơơҽѧơҽѧӰơƣЧ20241222ֹݣЧ2014-04-07ֹơϷΧɡֹӪĲþӪɡ涨ӦδǰþӪ	","ơƤơҽơơҽѧơҽѧӰơƣ֤˶Χ޴¾Ӫݵ֤꣨˶Χ޴¾ӪơϷΧɡֹӪĲþӪɡ涨ӦδǰþӪ	","2015-02-13 00:00:00.0	"
"컪ҽԺ޹˾	","ɶ(Ȩת)	","ҽѧҽԺ޹˾⽨ɣҶ־ղN	","ҽѧҽԺ޹˾⽨ɣͶʹ޹˾ղN	","2014-03-18 00:00:00.0	"
"컪ҽԺ޹˾	","ס(Ӫҵַ)	","·9ŵһĲ	","·9ŵһ㣨֣	","2017-10-17 00:00:00.0	"
"컪ҽԺ޹˾	","	","ҵ/	","ҵ/	","2016-01-27 00:00:00.0	"
"컪ҽԺ޹˾	","߼Ա¡¡ȣ	","ҪԱϢ	","ҪԱϢ	","2015-04-10 00:00:00.0	"
"컪ҽԺ޹˾	","	","ǰϢ	","ǰϢ	","2015-02-13 00:00:00.0	"
"컪ҽԺ޹˾	","עʱעʽʽȱ	","500.0	","2000.0	","2019-04-22 00:00:00.0	"
"컪ҽԺ޹˾	","Ͷ˱ʶʷʽڡͶƵȣ	","ŻҽͶ޹˾ĴڸҽԺ޹˾ҽѧҽԺ޹˾Ͷʹ޹˾	","ҽѧҽԺ޹˾Ͷʹ޹˾ŻҽͶ޹˾ĴڸҽԺ޹˾	","2019-04-22 00:00:00.0	"
"컪ҽԺ޹˾	","Ͷ˱ʶʷʽڡͶƵȣ	","ŻҽͶ޹˾ĴڸҽԺ޹˾ҽѧҽԺ޹˾Ͷʹ޹˾	","ҽѧҽԺ޹˾Ͷʹ޹˾ŻҽͶ޹˾ĴڸҽԺ޹˾	","2019-08-23 00:00:00.0	"
"컪ҽԺ޹˾	","߼Ա¡¡ȣ	","ҪԱϢ	","ҪԱϢ	","2019-08-23 00:00:00.0	"
"컪ҽԺ޹˾	","ӪΧҵΧ	","ơƤơҽơơҽѧơҽѧӰơƣ֤˶Χ޴¾Ӫݵ֤꣨˶Χ޴¾ӪơϷΧɡֹӪĲþӪɡ涨ӦδǰþӪ	","ơƤơҽơơҽѧơҽѧӰơƣ֤˶Χ޴¾Ӫݵ֤꣨˶Χ޴¾ӪƣӪԻĻ㲥ӽĿ뾭ľӪĿȡ󷽿ɴ¾ӪϷΧɡֹӪĲþӪɡ涨ӦδǰþӪ	","2019-08-23 00:00:00.0	"
"ϺͶʹ޹˾	","³	","	","2017-08-21³	","2017-09-26 00:00:00.0	"
"ϺͶʹ޹˾	","Ͷ(Ȩ)	","½;ղN;	","½;;	","2017-09-26 00:00:00.0	"
"ϺͶʹ޹˾	","±	","ղN	","	","2018-08-08 00:00:00.0	"
"ҽҽԺ޹˾	","ӪΧ	","ҽݿƣƣƣƤƣҽƣƣҽѧƣҽѧӰƣXרҵרҵĵרҵҽƻִҵ֤Ч20151231գ档뾭׼Ŀز׼׼ݿչӪ	","ҽݿƣƣƣƤƣҽƣƣҽѧƣҽѧӰƣXרҵרҵĵרҵҽƻִҵ֤Ч20201231գҽݿƣƣƣƤƣҽƣƣҽѧƣҽѧӰƣXרҵרҵĵרҵҽƻִҵ֤Ч20201231գ档ҵѡӪĿչӪ뾭׼Ŀز׼׼ݿչӪô±вҵֹ߽ĿľӪ	","2016-04-05 00:00:00.0	"
"ҽҽԺ޹˾	","ҵ	","ҽﲿ޹˾	","ҽҽԺ޹˾	","2015-02-06 00:00:00.0	"
"ҽҽԺ޹˾	","Ͷ	","1 ϺͶʹ޹˾ ҵ	","1 ϺͶʹ޹˾ ҵ2  Ȼ˹ɶ	","2015-02-06 00:00:00.0	"
"ҽҽԺ޹˾	","ҵ	","ι˾(˶)	","ι˾	","2015-02-06 00:00:00.0	"
"ҽҽԺ޹˾	","	","ƻ	","	","2014-05-13 00:00:00.0	"
"ҽҽԺ޹˾	","ӪΧ	","ҽݿƣƣƣƤƣҽƣƣҽѧƣҽѧӰƣXרҵרҵĵרҵҽƻִҵ֤Ч20131231գ档	","ҽݿƣƣƣƤƣҽƣƣҽѧƣҽѧӰƣXרҵרҵĵרҵҽƻִҵ֤Ч20141231գ档	","2014-05-13 00:00:00.0	"
"ҽҽԺ޹˾	","££	","ע*־Ϊˣ1 ƻ* ִж2 ƻ* 3 ֽ 	","ע*־Ϊˣ1 * ִж2 * 3 ֽ 	","2014-05-13 00:00:00.0	"
"ҽҽԺ޹˾	","ӪΧ	","ҽݿƣƣƣƤƣҽƣƣҽѧƣҽѧӰƣXרҵרҵĵרҵҽƻִҵ֤Ч20131231գ	","ҽݿƣƣƣƤƣҽƣƣҽѧƣҽѧӰƣXרҵרҵĵרҵҽƻִҵ֤Ч20131231գ档	","2013-11-14 00:00:00.0	"
"ҽҽԺ޹˾	","Ͷ	","1 ϺͶʹ޹˾ ҵ2  Ȼ˹ɶ	","1 ϺͶʹ޹˾ ҵ	","2017-08-02 00:00:00.0	"
"ҽҽԺ޹˾	","ҵ	","ι˾	","ι˾(˶)	","2017-08-02 00:00:00.0	"
"ҽҽԺ޹˾	","	","	","	","2017-12-14 00:00:00.0	"
"ҽҽԺ޹˾	","££	","ע*־Ϊˣ1 * ִж2 * 3 ֽ 	","ע*־Ϊˣ1 * ִж2 * 3 ֽ 	","2017-12-14 00:00:00.0	"
"ҽҽԺ޹˾	","עʱ	","1800Ԫ	","3000Ԫ	","2018-02-07 00:00:00.0	"
"ҽҽԺ޹˾	","Ͷ	","1 ϺͶʹ޹˾ ҵ	","1 ϺͶʹ޹˾ ҵ2 ŻҽͶ޹˾ ҵ	","2018-02-07 00:00:00.0	"
"ҽҽԺ޹˾	","ҵ	","ι˾(˶)	","ι˾	","2018-02-07 00:00:00.0	"
"ҽҽԺ޹˾	","עʱ	","3000Ԫ	","30000Ԫ	","2018-11-01 00:00:00.0	"
"ҽҽԺ޹˾	","	","	","ɽ	","2019-09-24 00:00:00.0	"
"ҽҽԺ޹˾	","££	","ע*־Ϊˣ1 * ִж2 * 3 ֽ 	","ע*־Ϊˣ1 ɽ* ִж2 ɽ* 3 ֽ 	","2019-09-24 00:00:00.0	"
"ϺҽԺ޹˾	","ӪΧ	","ҽԺͶʹ漰ɵģƾ֤Ӫ	","ҽԺͶʹ뾭׼Ŀز׼󷽿ɿչӪ	","2014-08-04 00:00:00.0	"
"ϺҽԺ޹˾	","±	","¿;ΰ	","ΰ;ƹɽ	","2014-08-04 00:00:00.0	"
"ϺҽԺ޹˾	","һ㾭ӪĿ	","ҽԺͶʹ漰ɵģƾ֤Ӫ	","ҽԺͶʹ	","2014-08-04 00:00:00.0	"
"ϺҽԺ޹˾	","Ͷ(Ȩ)	","ΰ;¿;	","ΰ;ƹɽ;	","2014-08-04 00:00:00.0	"
"ϺҽԺ޹˾	","ɾӪĿ	","	","	","2014-08-04 00:00:00.0	"
"ϺҽԺ޹˾	","ҵͱ	","ι˾(ȻͶʻع)	","ι˾ȻͶʻعɵķ˶ʣ	","2019-04-11 00:00:00.0	"
"ϺҽԺ޹˾	","³̱	","	","2019-04-08³̱	","2019-04-11 00:00:00.0	"
"ϺҽԺ޹˾	","˱	","ΰ	","½	","2019-04-11 00:00:00.0	"
"ϺҽԺ޹˾	","Ͷ(Ȩ)	","ƹɽ;ΰ;	","ϺͶʹ޹˾;	","2019-04-11 00:00:00.0	"
"ҽҽԺ޹˾	","һ㾭ӪĿ	","һ㾭ӪĿ: ҽҽԺ޹˾ĳｨôӪ; 		ɾӪĿ: ; 			","һ㾭ӪĿ: ; ɾӪĿ: ҽݿƣƣƣƤƣҽ//ҽѧƣٴҺѪҺרҵ/ҽѧӰƣרҵĵרҵ; 	","2014-09-03 00:00:00.0	"
"ҽҽԺ޹˾	","˱	","	","	","2017-09-14 00:00:00.0	"
"ҽҽԺ޹˾	","עʱ()	","1050	","3000	","2017-09-14 00:00:00.0	"
"ҽҽԺ޹˾	","Ͷ(Ȩ)	","ҵ: ʡͶʹ޹˾; ʶ: ***; ٷֱ: **%		ҵ: ϺͶʹ޹˾; ʶ: ***; ٷֱ: **%			","ҵ: Ͷʹ޹˾; ʶ: ***; ٷֱ: **%		ҵ: ʡͶʹ޹˾; ʶ: ***; ٷֱ: **%		ҵ: ϺͶʹ޹˾; ʶ: ****; ٷֱ: **%			","2017-09-14 00:00:00.0	"
"ҽҽԺ޹˾	","ӪΧ	","ҽݿƣƣƣƤƣҽ//ҽѧƣٴҺѪҺרҵ/ҽѧӰƣרҵĵרҵ  	","Ʒƾ֤Ӫ뾭׼Ŀز׼󷽿ɿչӪ	","2017-09-14 00:00:00.0	"
"ҽҽԺ޹˾	","ʱ	","ҵ: ʡͶʹ޹˾; ʶ: 210; ٷֱ: 20%		ҵ: ϺͶʹ޹˾; ʶ: 840; ٷֱ: 80%			","ҵ: Ͷʹ޹˾; ʶ: 300; ٷֱ: 10%		ҵ: ʡͶʹ޹˾; ʶ: 600; ٷֱ: 20%		ҵ: ϺͶʹ޹˾; ʶ: 2100; ٷֱ: 70%			","2017-09-14 00:00:00.0	"
"ҽҽԺ޹˾	","³̱	","	","	","2017-09-14 00:00:00.0	"
"ҽҽԺ޹˾	","ͳһôִ	","עţ********90316		֤֯********	","ͳһô:9********94628W	","2016-05-06 00:00:00.0	"
"ҽҽԺ޹˾	","ʱ	","ҵ: ʡͶʹ޹˾; ʶ: ***; ٷֱ: **%ҵ: ϺͶʹ޹˾; ʶ: ***; ٷֱ: **%	","ҵ: Ͷʹ޹˾; ʶ: ***; ٷֱ: **%ҵ: ʡͶʹ޹˾; ʶ: ***; ٷֱ: **%ҵ: ϺͶʹ޹˾; ʶ: ****; ٷֱ: **%	","2017-09-14 00:00:00.0	"
"ʡͶʹ޹˾	","	","ҵϢҵ():ι˾(ȻͶʻع)עʱ():500.0Ͷ˼ϢͶ:Ȼ˹ɶͶ:ף֤:֤ձ:******Ͻɳʶ:350.0ʵɳʶ:350.0ʷʽ:ңʱ:70.0ʱ:20130426ɸ:0():йǷҵ:ŷͶ:Ͷ:Ȼ˹ɶͶ:Ⱥ֤:֤ձ:******Ͻɳʶ:150.0ʵɳʶ:150.0ʷʽ:ңʱ:30.0ʱ:20130426ɸ:0():йǷҵ:ŷͶ:˾Ϣ()˵:.	","ҵϢҵ():ι˾(ȻͶʻع)עʱ():2000.0Ͷ˼ϢͶ:Ȼ˹ɶͶ:ף֤:֤ձ:******Ͻɳʶ:1400.0ʵɳʶ:350.0ʷʽ:ңʱ:70.0ʱ:20130426ɸ:72():йǷҵ:ŷͶ:Ͷ:Ȼ˹ɶͶ:Ⱥ֤:֤ձ:******Ͻɳʶ:600.0ʵɳʶ:150.0ʷʽ:ңʱ:30.0ʱ:20130426ɸ:72():йǷҵ:ŷͶ:˾Ϣ()˵:.	","2017-05-17 00:00:00.0	"
"ʡͶʹ޹˾	","	","<b>ҵϢ</b>סȨ:ޣס:к·1939301Ԫ:·::ϵ绰:************	","<b>ҵϢ</b>סȨ:ޣס:к·1939301AԪ:·::ϵ绰:************	","2017-12-12 00:00:00.0	"
"ʡͶʹ޹˾	","	","<b>Ͷ˼Ϣ</b>ɸ:72ɸ:72<br><b>˾Ϣ()</b>˵:	","<b>Ͷ˼Ϣ</b>ɸ:72ɸ:72<br><b>˾Ϣ()</b>˵:	","2017-12-12 00:00:00.0	"
"ʡͶʹ޹˾	","	","<b>ӪϢ</b><br><font color='red'>ɾ</font>:20160722ӪȨ:ޣӪƺ:Ӫ·:Ӫؼܵλ:350206HJT4Ӫ:Ӫ:к·1939301ԪӪ:к	","<b>ӪϢ</b><br><font color='blue'></font>:ӪȨ:ޣӪƺ:Ӫ·:Ӫؼܵλ:350206HJT4Ӫ:Ӫ:к·1939301AԪӪ:к.	","2017-12-12 00:00:00.0	"
"ʡͶʹ޹˾	","	","<b>Ͷ˼Ϣ</b>ɸ:0ɸ:0<br><b>˾Ϣ()</b>˵:	","<b>Ͷ˼Ϣ</b>ɸ:72ɸ:72<br><b>˾Ϣ()</b>˵:	","2017-05-17 00:00:00.0	"
"ʡͶʹ޹˾	","	","<b>ҵϢ</b>סȨ:ס:нͷ·1771#¥204ң:·::ϵ绰:***********	","<b>ҵϢ</b>סȨ:ޣס:к·1939301Ԫ:·::ϵ绰:************	","2016-07-22 00:00:00.0	"
"ʡͶʹ޹˾	","	","<b>ӪϢ</b>	","<b>ӪϢ</b><br><font color='blue'></font>:ӪȨ:ޣӪƺ:Ӫ·:Ӫؼܵλ:350206HJT4Ӫ:Ӫ:к·1939301ԪӪ:к.	","2016-07-22 00:00:00.0	"
"ʡͶʹ޹˾	","	","<b>̵Ǽˣ</b><br>::361000Ա:ԣnull::null:.	","<b>̵Ǽˣ</b><br>::361000Ա:ԣnull::null:.	","2016-07-22 00:00:00.0	"
"ʡͶʹ޹˾	","	","<b>ҵϢ</b>ɾӪĿ:ɾӪĿ:һ㾭ӪĿ:һ㾭ӪĿ:ҵ:Ͷʲҵ:޺ҵӪĿ:ͶʹҵϢѯͣҵ߻гӪ߻ӪΧ:ǷʹþӪΧ־:ӪΧ:ͶʹҵϢѯͣҵ߻гӪ߻رעҵ(Tҵ1):<br><b>Ϣ</b>	","<b>ҵϢ</b>ɾӪĿ:ɾӪĿ:һ㾭ӪĿ:ҵܲͶʹɡй涨⣩ʲɡй涨⣩δҵ񣨲뾭ɵĿһ㾭ӪĿ:7211721237212972193ҵ:Ͷʲҵ:޺ҵӪĿ:ӪΧ:ǷʹþӪΧ־:ӪΧ:Ͷʹɡй涨⣩ʲɡй涨⣩ҵܲδҵ񣨲뾭ɵĿرעҵ(Tҵ1):<br><b>Ϣ</b>	","2016-07-22 00:00:00.0	"
"ʡͶʹ޹˾	","	","<b>ҵϢ</b>Ͻλ:кгල֣Ǽǻ:й	","<b>ҵϢ</b>Ͻλ:кгල֣Ǽǻ:кгල.	","2016-07-22 00:00:00.0	"
"ŻҽͶ޹˾	","	","ҵϢӪҵִղԭ:ӪҵִĿ:.	","ҵϢӪҵִղԭ:1ӪҵִĿ:1.	","2016-12-02 00:00:00.0	"
"ŻҽͶ޹˾	","	","ҵϢ:G-1-59896	","ҵϢ:G-1-59896	","2016-12-02 00:00:00.0	"
"ŻҽͶ޹˾	","	","˾Ϣ()˵:Ͻɵעʱ2034-12-31֮ǰ	","˾Ϣ()˵:.	","2015-02-02 00:00:00.0	"
"ŻҽͶ޹˾	","	","ҵϢע:ɶͶŻҽͶ޹˾ʹáҽݡֺţȡŻҽݽ޹˾ֹɶŵպʹŻҽͶ޹˾ƻֺ飬ƻֺű϶ΪӦ˾ɶ˾ƱǼǻ˾עǼǣгеоʧŵľͶ˼Ϣʵɳʶ:0.0ʵɳʶ:0.0ɸ:0ɸ:0ʷʽ:ңʷʽ:ңʱ:ʱ:ɸ:20341231ɸ:20341231˾Ϣ()ʵʱ:0.0˵:Ͻɵעʱ2034-12-31֮ǰ	","ҵϢע:ɶͶŻҽͶ޹˾ʹáҽݡֺţȡŻҽݽ޹˾ֹɶŵպʹŻҽͶ޹˾ƻֺ飬ƻֺű϶ΪӦ˾ɶ˾ƱǼǻ˾עǼǣгеоʧŵľͶ˼Ϣʵɳʶ:300.0ʵɳʶ:700.0ɸ:0ɸ:0ʷʽ:ңʷʽ:ңʱ:20150128ʱ:20150128ɸ:ɸ:˾Ϣ()ʵʱ:1000.0˵:	","2015-02-02 00:00:00.0	"
"ŻҽͶ޹˾	","	","ӪϢɾ:20141225ӪȨ:ޣӪƺ:Ӫ·:Ӫؼܵλ:350203MYD7Ӫ:Ӫ:˼·162801Ӫ:˼.	","ӪϢ:ӪȨ:ޣӪƺ:Ӫ·:Ӫؼܵλ:350203MYD7Ӫ:Ӫ:˼·93-94ţӪ:˼.	","2017-04-14 00:00:00.0	"
"ŻҽͶ޹˾	","	","Ͷ˼Ϣɸ:0ɸ:0˾Ϣ()˵:	","Ͷ˼Ϣɸ:0ɸ:0˾Ϣ()˵:	","2017-04-14 00:00:00.0	"
"ŻҽͶ޹˾	","	","Ͷ˼Ϣɸ:0ɸ:0˾Ϣ()˵:	","Ͷ˼Ϣɸ:0ɸ:0˾Ϣ()˵:	","2017-04-18 00:00:00.0	"
"ŻҽͶ޹˾	","	","ӪϢɾ:20170414ӪȨ:ޣӪƺ:Ӫ·:Ӫؼܵλ:350203MYD7Ӫ:Ӫ:˼·93-94ţӪ:˼	","ӪϢ:ӪȨ:ޣӪƺ:Ӫ·:Ӫؼܵλ:350203MYD7Ӫ:Ӫ:˼·92-93ţӪ:˼.	","2017-04-18 00:00:00.0	"
"ŻҽͶ޹˾	","	","ҵϢסȨ:ޣס:˼·93-94ţ:·::361000ϵ绰:************	","ҵϢסȨ:ޣס:˼·92-93ţ:·::361000ϵ绰:************	","2017-04-18 00:00:00.0	"
"ŻҽͶ޹˾	","	","ҵϢסȨ:ޣס:˼·162801:·::361000ϵ绰:***********	","ҵϢסȨ:ޣס:˼·93-94ţ:·::361000ϵ绰:************	","2017-04-14 00:00:00.0	"
"ŻҽͶ޹˾	","	","<b>ӪϢ</b><br><font color='red'>ɾ</font>:20170418Ӫƺ:Ӫؼܵλ:350203MYD7null:null:null:ӪȨ:ޣӪ·:Ӫ:Ӫ:˼·92-93ţӪ:˼<br><b>ҵϢ</b>ϵ绰:***********	","<b>ӪϢ</b><br><b>ҵϢ</b>ϵ绰:***********	","2019-06-21 00:00:00.0	"
"ĴڸҽԺ޹˾	","֤	","/	","/	","2016-12-14 00:00:00.0	"
"ĴڸҽԺ޹˾	","	","/	","/	","2016-12-14 00:00:00.0	"
"ĴڸҽԺ޹˾	","Ա	","/	","ӱ*****	","2016-12-14 00:00:00.0	"
"ĴڸҽԺ޹˾	","Ա	","⽨*****	","ZH֣࣬*****	","2016-06-21 00:00:00.0	"
"ĴڸҽԺ޹˾	","ֹ˾/֧	","/	","/	","2016-12-14 00:00:00.0	"
"ĴڸҽԺ޹˾	","߼Ա¡¡ȣ	","	","¢	","2018-07-17 00:00:00.0	"
"ĴڸҽԺ޹˾	","гͱ	","1151	","1130	","2018-07-17 00:00:00.0	"
"ҽѧҽԺ޹˾	","֤	","/	","/	","2016-08-05 00:00:00.0	"
"ҽѧҽԺ޹˾	","ӪΧ	","/רҵǻ/רҵ/ǻ޸רҵҽݿ///Ƥ/ҽơ/ҽѧӰ/רҵ/ĵרҵҽ/Ƥרҵҽѧ\ٴҺѪҺרҵ\ٴѧרҵϷΧƾ֤ӪЧ2015418գҵѯ޷֧Ӫ뾭׼Ŀز׼󷽿ɿչӪ	","/רҵǻ/רҵ/ǻ޸רҵҽݿ///Ƥ/ҽơ/ҽѧӰ/רҵ/ĵרҵҽ/Ƥרҵҽѧ\ٴҺѪҺרҵ\ٴѧרҵ/XרҵϷΧƾ֤Ӫҵѯ޷֧Ӫ뾭׼Ŀز׼󷽿ɿչӪ	","2015-05-25 00:00:00.0	"
"ҽѧҽԺ޹˾	","³	","/	","/	","2015-05-25 00:00:00.0	"
"ҽѧҽԺ޹˾	","߼Ա¡¡ȣ	","/	","٣	","2014-09-29 00:00:00.0	"
"ҽѧҽԺ޹˾	","֤	","/	","/	","2014-05-08 00:00:00.0	"
"ҽѧҽԺ޹˾	","鱸	","/	","/	","2012-08-10 00:00:00.0	"
"ҽѧҽԺ޹˾	","עʱ()	","4600	","5000	","2012-06-29 00:00:00.0	"
"ҽѧҽԺ޹˾	","ʶ	","½;	","5000	","2012-06-29 00:00:00.0	"
"ҽѧҽԺ޹˾	","ʷʽ	","½;	","½㣬;	","2012-06-29 00:00:00.0	"
"ҽѧҽԺ޹˾	","ʱ	","½㣬40.0%;	","½㣬43.5%;	","2012-06-29 00:00:00.0	"
"ҽѧҽԺ޹˾	","ʵʱ	","4600	","5000	","2012-06-29 00:00:00.0	"
"ҽѧҽԺ޹˾	","³	","/	","/	","2012-06-29 00:00:00.0	"
"ҽѧҽԺ޹˾	","ӪΧ	","/רҵǻ/רҵ/ǻ޸רҵҽݿ///Ƥ/ҽơ/ҽѧӰ/רҵ/ĵרҵҽ/Ƥרҵҽѧ\ٴҺѪҺרҵ\ٴѧרҵϷΧƾ֤ӪЧ2015418գ	","/רҵǻ/רҵ/ǻ޸רҵҽݿ///Ƥ/ҽơ/ҽѧӰ/רҵ/ĵרҵҽ/Ƥרҵҽѧ\ٴҺѪҺרҵ\ٴѧרҵϷΧƾ֤ӪЧ2015418գҵѯ޷֧ӪϾӪΧҷɡ桢ԺֹƵĿ	","2012-05-29 00:00:00.0	"
"ҽѧҽԺ޹˾	","³	","/	","/	","2012-05-29 00:00:00.0	"
"ҽѧҽԺ޹˾	","鱸	","/	","/	","2012-05-04 00:00:00.0	"
"ҽѧҽԺ޹˾	","³̱	","/	","ֹǿ	","2012-05-04 00:00:00.0	"
"ҽѧҽԺ޹˾	","	","/	","½㣬³ܾ	","2012-05-04 00:00:00.0	"
"ҽѧҽԺ޹˾	","߼Ա¡¡ȣ	","/	","½㣬³ܾͬף¸ǻۣ	","2012-05-04 00:00:00.0	"
"ҽѧҽԺ޹˾	","˱	","ׯ	","½㣬л񹲺͹֤*****	","2012-05-04 00:00:00.0	"
"ҽѧҽԺ޹˾	","³	","/	","/	","2012-03-28 00:00:00.0	"
"ҽѧҽԺ޹˾	","ʵʱ	","2820	","4600	","2012-03-28 00:00:00.0	"
"ҽѧҽԺ޹˾	","³	","/	","/	","2012-01-17 00:00:00.0	"
"ҽѧҽԺ޹˾	","Ͷ(Ȩ)	","½;ֹǿ;ϺͶʹ޹˾;	","½;ϺͶʹ޹˾;	","2012-01-17 00:00:00.0	"
"ҽѧҽԺ޹˾	","ʵʱ	","1320	","2820	","2011-12-27 00:00:00.0	"
"ҽѧҽԺ޹˾	","³	","/	","/	","2011-12-27 00:00:00.0	"
"ҽѧҽԺ޹˾	","עʱ()	","500	","4600	","2011-12-15 00:00:00.0	"
"ҽѧҽԺ޹˾	","Ͷ(Ȩ)	","ֹǿ;ϺͶʹ޹˾;	","½;ֹǿ;ϺͶʹ޹˾;	","2011-12-15 00:00:00.0	"
"ҽѧҽԺ޹˾	","ʱ	","ֹǿ10.0%;	","ֹǿ1.1%;	","2011-12-15 00:00:00.0	"
"ҽѧҽԺ޹˾	","鱸	","/	","/	","2011-12-15 00:00:00.0	"
"ҽѧҽԺ޹˾	","ʵʱ	","500	","1320	","2011-12-15 00:00:00.0	"
"ҽѧҽԺ޹˾	","	","/	","ȱܾ	","2010-05-10 00:00:00.0	"
"ҽѧҽԺ޹˾	","³	","/	","/	","2010-05-10 00:00:00.0	"
"ҽѧҽԺ޹˾	","ӪΧ	","ơƤơơҽơרҵҽѧӰBĵͼơҽѧƣٴҺѪҺרҵϷΧҷɡ桢ԺֹƵĳ⣬漰֤ƾ֤Ӫ	","ơרҵǻơרҵǻ޸רҵҽݿơơơƤơҽơơҽѧӰơרҵĵרҵҽơƤרҵҽѧơٴҺѪҺרҵٴѧרҵϷΧƾ֤ӪЧ2015418գ	","2010-05-10 00:00:00.0	"
"ҽѧҽԺ޹˾	","߼Ա¡¡ȣ	","ׯִж¼ܾ	","ׯִж	","2010-05-10 00:00:00.0	"
"ҽѧҽԺ޹˾	","ӪΧ	","ơרҵǻơרҵǻ޸רҵҽݿơơơƤơҽơơҽѧӰơרҵĵרҵҽơƤרҵҽѧơٴҺѪҺרҵٴѧרҵϷΧƾ֤ӪЧ2015418գ	","/רҵǻ/רҵ/ǻ޸רҵҽݿ///Ƥ/ҽơ/ҽѧӰ/רҵ/ĵרҵҽ/Ƥרҵҽѧ\ٴҺѪҺרҵ\ٴѧרҵϷΧƾ֤ӪЧ201548գ	","2010-05-10 00:00:00.0	"
"ҽѧҽԺ޹˾	","ӪΧ	","/רҵǻ/רҵ/ǻ޸רҵҽݿ///Ƥ/ҽơ/ҽѧӰ/רҵ/ĵרҵҽ/Ƥרҵҽѧ\ٴҺѪҺרҵ\ٴѧרҵϷΧƾ֤ӪЧ201548գ	","/רҵǻ/רҵ/ǻ޸רҵҽݿ///Ƥ/ҽơ/ҽѧӰ/רҵ/ĵרҵҽ/Ƥרҵҽѧ\ٴҺѪҺרҵ\ٴѧרҵϷΧƾ֤ӪЧ2015418գ	","2010-05-10 00:00:00.0	"
"ҽѧҽԺ޹˾	","³	","/	","/	","2010-02-08 00:00:00.0	"
"ҽѧҽԺ޹˾	","Ͷ(Ȩ)	","ֹǿ;ϺͶʹ޹˾;ĴҽԺ޹˾;	","ֹǿ;ϺͶʹ޹˾;	","2010-02-08 00:00:00.0	"
"ҽѧҽԺ޹˾	","ʵʱ	","150	","500	","2010-01-28 00:00:00.0	"
"ҽѧҽԺ޹˾	","ʶ	","ֹǿ;	","500	","2010-01-28 00:00:00.0	"
"ҽѧҽԺ޹˾	","³	","/	","/	","2010-01-28 00:00:00.0	"
"ҽѧҽԺ޹˾	","Ա	","/	","ׯ̺죬*****	","2017-03-01 00:00:00.0	"
"ҽѧҽԺ޹˾	","Ա	","/	","٣*****	","2016-08-05 00:00:00.0	"
"ҽѧҽԺ޹˾	","߼Ա¡¡ȣ	","	","壬	","2018-05-14 00:00:00.0	"
"ҽѧҽԺ޹˾	","߼Ա¡¡ȣ	","/	","/	","2015-05-25 00:00:00.0	"
"ҽѧҽԺ޹˾	","Ͷ(Ȩ)	","/רҵǻ/רҵ/ǻ޸רҵҽݿ///Ƥ/ҽơ/ҽѧӰ/רҵ/ĵרҵҽ/Ƥרҵҽѧ\ٴҺѪҺרҵ\ٴѧרҵϷΧƾ֤ӪЧ2015418գҵѯ޷֧Ӫ뾭׼Ŀز׼󷽿ɿչӪ	","/רҵǻ/רҵ/ǻ޸רҵҽݿ///Ƥ/ҽơ/ҽѧӰ/רҵ/ĵרҵҽ/Ƥרҵҽѧ\ٴҺѪҺרҵ\ٴѧרҵ/XרҵϷΧƾ֤Ӫҵѯ޷֧Ӫ뾭׼Ŀز׼󷽿ɿչӪ	","2015-05-25 00:00:00.0	"
"ҽѧҽԺ޹˾	","߼Ա¡¡ȣ	","/	","壬	","2018-05-14 00:00:00.0	"
"ҽѧҽԺ޹˾	","Ա	","ׯ̺ *** ֻ***	","ׯ̺ *** ֻ*** ϰ	","2019-01-29 00:00:00.0	"
"ҽѧҽԺ޹˾	","Ա	","ׯ̺ *** ֻ***	"," *** ֻ*** ϰ	","2019-02-19 00:00:00.0	"
"ҽѧҽԺ޹˾	","Ա	","	","٣***	","2016-08-05 00:00:00.0	"
"Ͷʹ޹˾	","³̱	","³̱(ǰ)	","׼³̱	","2016-11-07 00:00:00.0	"
"Ͷʹ޹˾	","ס(Ӫ)	","ֺ·161A1209óް칫;	","ֺ·222Աײ101-103104-1162㡢3㡢4㡢5-191-6Ԫ	","2016-11-07 00:00:00.0	"
"Ͷʹ޹˾	","֯	","();Ҷ־(ִж¼澭);	","();Ҷ־(ִж¼澭);	","2016-11-07 00:00:00.0	"
"Ͷʹ޹˾	","	","(ǰ)	","Ҷ־	","2016-11-07 00:00:00.0	"
"Ͷʹ޹˾	","֯	","գ£ ;Ҷ־ִж¼澭;	","գ£ ;Ҷ־ִж¼澭ѡ٣;	","2016-11-07 00:00:00.0	"
"Ͷʹ޹˾	","徭ӪĿ걨	","ͶʹȨͶʹ⣩ĿͶѯ֤ȯڻͶѯ⣩ƷϢѯҵ߻ҵѯơ棻óףרӪרĿ⣩	","Ͷʹ;ƷóףƷ⣩;ƷóףƷ⣩;ƷϢѯ;ҵ߻;ҵѯ;ҵ;	","2015-04-27 00:00:00.0	"
"Ͷʹ޹˾	","	","(ǰ)	","	","2015-04-27 00:00:00.0	"
"Ͷʹ޹˾	","עʱ()	","300Ԫ	","2000Ԫ	","2019-03-14 00:00:00.0	"
"Ͷʹ޹˾	","³̱	","	","׼³̱	","2019-03-14 00:00:00.0	"
"Ͷʹ޹˾	","徭ӪĿ걨	","Ͷʹ;ƷóףƷ⣩;ƷóףƷ⣩;ƷϢѯ;ҵ߻;ҵѯ;ҵ;	","Ͷʹ;ƷóףƷ⣩;ҵѯ;ҵ߻;ƷóףƷ⣩;ƷϢѯ;ҵ;гӪ߻;ҽơҽҩѯ񣨲漰ҽϡƼ;	","2019-03-14 00:00:00.0	"
"Ͷʹ޹˾	","̵ǼԱ	","	","	","2019-03-14 00:00:00.0	"
"ӶҽѧҽԺ޹˾	","עʱ	","1000.0	","3000.0	","2017-07-27 00:00:00.0	"
"ӶҽѧҽԺ޹˾	","гͱ	","ι˾(˶)	","ι˾	","2018-03-06 00:00:00.0	"
"ʯׯҽѧҽԺ޹˾	","עʱ()	","1000	","3000.000000	","2017-08-29 00:00:00.0	"
"ʯׯҽѧҽԺ޹˾	","³	","	","; 2017-08-28	","2017-08-29 00:00:00.0	"
"ʯׯҽѧҽԺ޹˾	","Ͷ(Ȩ)	","ҽѧҽԺ޹˾  1000;	","ҽѧҽԺ޹˾  3000;	","2017-08-29 00:00:00.0	"
"ʯׯҽѧҽԺ޹˾	","߼Ա¡¡ȣ	","ֺ 	","½ 	","2019-05-14 00:00:00.0	"
"ʯׯҽѧҽԺ޹˾	","˱	","ֺ	","½	","2019-05-14 00:00:00.0	"
"ʯׯҽѧҽԺ޹˾	","Ա	","̻ᾲ  ֻ	"," *** ֻ***	","2019-05-14 00:00:00.0	"
"ɳҽҽԺ޹˾	","Ա	","ֻ*****	"," ֻ*****	","2016-07-06 00:00:00.0	"
"ɳҽҽԺ޹˾	","һ	","ɳй	","ɳй껨־	","2015-08-18 00:00:00.0	"
"ɳҽҽԺ޹˾	","Ա	","ʢ ֻ*****	","ʢ ֻ***** ϰ	","2017-05-12 00:00:00.0	"
"ɳҽҽԺ޹˾	","Ա	"," ֻ*****	","ʢ ֻ***** ϰ	","2017-05-12 00:00:00.0	"
"ɳҽҽԺ޹˾	","ӪΧ	","ҽԺƣҡѯң ƣ ƣ Ƥƣ ҽ/ҽѧ/ҽѧӰƣҽƻִҵ֤Ч20181229գ	","ݷƣרƣǻƣƣרƣҽѧӰƣҽѧƣѯƣҽԺӪ뾭׼Ŀز׼󷽿ɿչӪ	","2017-06-22 00:00:00.0	"
"ɳҽҽԺ޹˾	","Ͷ(Ȩ)	","ɶͶʹ޹˾  200;ҽѧҽԺ޹˾  800;	","ɶͶʹ޹˾  600;ҽѧҽԺ޹˾  2400;	","2017-08-11 00:00:00.0	"
"ɳҽҽԺ޹˾	","עʱ()	","1000	","3000.000000	","2017-08-11 00:00:00.0	"
"ɳҽҽԺ޹˾	","ɶ	","ɶͶʹ޹˾ ҽѧҽԺ޹˾ 	","ɶͶʹ޹˾ ҽѧҽԺ޹˾ 	","2017-08-11 00:00:00.0	"
"ɳҽҽԺ޹˾	","ɶ	","ɶͶʹ޹˾ ҽѧҽԺ޹˾ 	","ɶͶʹ޹˾ ҽѧҽԺ޹˾ ŻҽͶʹ˾ 	","2018-04-25 00:00:00.0	"
"ɳҽҽԺ޹˾	","³	","	","	","2018-04-25 00:00:00.0	"
"ɳҽҽԺ޹˾	","гͱ	","ι˾(ȻͶʻع)	","ι˾	","2018-04-25 00:00:00.0	"
"ɳҽҽԺ޹˾	","ɶ	","ɶͶʹ޹˾ ҽѧҽԺ޹˾ ŻҽͶʹ˾ 	","ɶͶʹ޹˾ ҽѧҽԺ޹˾ ŻҽͶ޹˾ 	","2018-06-14 00:00:00.0	"
"ɳҽҽԺ޹˾	","³	","	","	","2018-06-14 00:00:00.0	"
"ɳҽҽԺ޹˾	","߼Ա¡¡ȣ	","¹ 	","ƹï 	","2018-06-14 00:00:00.0	"
"ɳҽҽԺ޹˾	","Ա	","ʢ *** ֻ***	","С *** ֻ*** ϰ	","2019-02-27 00:00:00.0	"
"ɶͶʹ޹˾	","֤	","/	","/	","2016-09-02 00:00:00.0	"
"ɶͶʹ޹˾	","֤	","/	","/	","2014-05-08 00:00:00.0	"
"ɶͶʹ޹˾	","Ա	","/	","ׯ̺죬*****	","2017-03-01 00:00:00.0	"
"ɶͶʹ޹˾	","Ա	","ׯ̺ *** ֻ***	"," *** ֻ*** ϰ	","2019-02-19 00:00:00.0	"
"Ͷʹ޹˾	","	","Ͷ˼Ϣɸ:0˾Ϣ()˵:.	","Ͷ˼Ϣɸ:0˾Ϣ()˵:.	","2016-12-02 00:00:00.0	"
"Ͷʹ޹˾	","	","Ͷ˼Ϣɸ:0˾Ϣ()˵:.	","Ͷ˼Ϣɸ:0˾Ϣ()˵:.	","2016-05-10 00:00:00.0	"
"Ͷʹ޹˾	","	","ӪϢɾ:20141120ӪȨ:ޣӪƺ:Ӫ·:Ӫؼܵλ:350203MLQ1Ӫ:Ӫ:˼չﺣϿһ8¥2402ңӪ:˼.	","ӪϢ	","2016-05-10 00:00:00.0	"
"Ͷʹ޹˾	","	","ҵϢ:G-1-44032	","ҵϢ:G-1-44032	","2016-05-10 00:00:00.0	"
"Ͷʹ޹˾	","	","Ͷ˼Ϣɸ:0˾Ϣ()˵:.	","Ͷ˼Ϣɸ:0˾Ϣ()˵:.	","2014-11-20 00:00:00.0	"
"Ͷʹ޹˾	","	","̵Ǽˣ.	","̵ǼˣԱ:Ůԣ::361000:ᣬ	","2014-11-20 00:00:00.0	"
"Ͷʹ޹˾	","	","ҵϢ:G-1-44032	","ҵϢ:G-1-44032	","2014-11-20 00:00:00.0	"
"Ͷʹ޹˾	","	","̵Ǽˣ:20141120:361000Ա:Ůԣnull::ᣬnull:	","̵Ǽˣ:20141120:361000Ա:ԣnull::֣ǣnull:.	","2017-05-08 00:00:00.0	"
"Ͷʹ޹˾	","	","ҵϢסȨ:ޣס:кһ11601ҵԪ:·::361000ϵ绰:0592-********	","ҵϢסȨ:ޣס:к·1939301Ԫ:·::361000ϵ绰:0592-*******	","2016-12-02 00:00:00.0	"
"Ͷʹ޹˾	","	","ҵϢסȨ:ޣס:˼չﺣϿһ8¥2402ң:·::361000ϵ绰:0592-********	","ҵϢסȨ:ޣס:кһ11601ҵԪ:·::361000ϵ绰:0592-********	","2016-05-10 00:00:00.0	"
"Ͷʹ޹˾	","	","ӪϢɾ:20130604ӪȨ:޳ʹãӪƺ:Ӫ·:Ӫؼܵλ:350203MZH3Ӫ:Ӫ:˼º16Ŷ¥257ңӪ:˼.	","ӪϢ:ӪȨ:ޣӪƺ:Ӫ·:Ӫؼܵλ:**********Ӫ:Ӫ:˼չﺣϿһ8¥2402ңӪ:˼	","2014-11-20 00:00:00.0	"
"Ͷʹ޹˾	","	","ҵϢסȨ:޳ʹãס:˼º16Ŷ¥257ң:·::361000ϵ绰:0592-********	","ҵϢסȨ:ޣס:˼չﺣϿһ8¥2402ң:·::361000ϵ绰:0592-********	","2014-11-20 00:00:00.0	"
"Ͷʹ޹˾	","	","<b>˾Ϣ()</b>˵:.	","<b>˾Ϣ()</b>˵:.	","2018-02-06 00:00:00.0	"
"Ͷʹ޹˾	","	","<b>ҵϢ</b>ҵ():ι˾(Ȼ˶)עʱ():500.0<br><b>Ͷ˼Ϣ</b><br>Ͷ:Ȼ˹ɶͶ:Խ֤:֤ձ:Ͻɳʶ:500.0ʵɳʶ:500.0ʷʽ:ңʱ:100.0ʱ:20130528ɸ:0():йǷҵ:ŷͶ:<br><b>˾Ϣ()</b>˵:	","<b>ҵϢ</b>ҵ():ι˾(Ȼ˶)עʱ():1000.0<br><b>Ͷ˼Ϣ</b><br>Ͷ:Ȼ˹ɶͶ:Խ֤:֤ձ:Ͻɳʶ:1000.0ʵɳʶ:500.0ʷʽ:ңʱ:100.0ʱ:20130528ɸ:544():йǷҵ:ŷͶ:<br><b>˾Ϣ()</b>˵:	","2018-02-06 00:00:00.0	"
"Ͷʹ޹˾	","	","<b>ҵϢ</b>ע:ɶŵպʹáͶʹ޹˾ƻֺ飬ƻֺűй϶ΪӦ˾ɶ˾ƱǼǻ˾עǼǣгеоʧŵľ<br><b>Ͷ˼Ϣ</b>ɸ:0ɸ:<br><b>˾Ϣ()</b>˵:.	","<b>ҵϢ</b>ע:ɶŵպʹáͶʹ޹˾ƻֺ飬ƻֺűй϶ΪӦ˾ɶ˾ƱǼǻ˾עǼǣгеоʧŵľ<br><b>Ͷ˼Ϣ</b>ɸ:544ɸ:20630603<br><b>˾Ϣ()</b>˵:.	","2018-02-06 00:00:00.0	"
"Ͷʹ޹˾	","	","̵Ǽˣ:20141120ϵַ:˼չﺣϿһ8¥2402ң֤:л񹲺͹֤:361000ƶ绰:***********Ա:Ůԣnull:֤:******************:ᣬnull:	","̵Ǽˣ:20141120ϵַ:к·1939301Ԫ֤:л񹲺͹֤:361000ƶ绰:***********Ա:ԣnull:֤:******************:֣ǣnull:.	","2017-05-08 00:00:00.0	"
"Ͷʹ޹˾	","	","̵Ǽˣ.	","̵ǼˣԱ:Ůԣ::361000֤:л񹲺͹֤ϵַ:˼չﺣϿһ8¥2402ңƶ绰:***********:ᣬ֤:******************	","2014-11-20 00:00:00.0	"
"ܰҽԺ޹˾	","ӪΧ	","ơƤơҽơơơҽѧơҽѧӰƣЧ20151125գ	","¾׼ҽƻ뾭׼Ŀز׼󷽿ɿչӪ	","2016-02-24 00:00:00.0	"
"ܰҽԺ޹˾	","˱ˡˡϯϻִ˵ȱ	","Դ	","	","2018-04-03 00:00:00.0	"
"ܰҽԺ޹˾	","	","ǰϢ	","ǰϢ	","2018-04-03 00:00:00.0	"
"ܰҽԺ޹˾	","߼Ա¡¡ȣ	","ҪԱϢ	","ҪԱϢ	","2018-04-03 00:00:00.0	"
"ܰҽԺ޹˾	","Ͷ˱ʶʷʽڡͶƵȣ	","ϺͶʹ޹˾	","Ͷʹ޹˾ϺͶʹ޹˾	","2018-04-03 00:00:00.0	"
"ܰҽԺ޹˾	","гͱ	","ι˾ȻͶʻعɵķ˶ʣ(˽Ӫ)	","ι˾(ȻͶʻع)(˽Ӫ)	","2018-04-03 00:00:00.0	"
"ܰҽԺ޹˾	","עʱעʽʽȱ	","300.0	","1000.0	","2019-03-15 00:00:00.0	"
"ܰҽԺ޹˾	","ַסַӪפڵַȱ	","22¥	","998һ29	","2019-03-15 00:00:00.0	"
"ܰҽԺ޹˾	","Ͷ˱ʶʷʽڡͶƵȣ	","Ͷʹ޹˾ϺͶʹ޹˾	","Ͷʹ޹˾ϺͶʹ޹˾	","2019-03-15 00:00:00.0	"
"ܰҽԺ޹˾	","ӪΧҵΧ	","¾׼ҽƻ뾭׼Ŀز׼󷽿ɿչӪ	","¾׼ҽƻµҵ񡣣뾭ľӪĿȡ󷽿ɴ¾Ӫ	","2019-07-26 00:00:00.0	"
"ܰҽԺ޹˾	","ӪΧҵΧ	","¾׼ҽƻµҵ񡣣뾭ľӪĿȡ󷽿ɴ¾Ӫ	","¾׼ҽƻµҵ񣻴¾ӪԻĻ㲥ӽĿ뾭ľӪĿȡ󷽿ɴ¾Ӫ	","2019-09-10 00:00:00.0	"
"ҽҽԺ޹˾	","ӪΧҵΧ	","ҽԺҽԺͶʣҽԺҽԺ񣬿ǻҽԺ񡣣뾭׼Ŀز׼󷽿ɿչӪ	","ҽԺҽԺͶʣҽԺҽԺ񡢿ǻҽԺ񡢻񡣣뾭׼Ŀز׼󷽿ɿչӪ	","2015-10-20 00:00:00.0	"
"ҽҽԺ޹˾	","ƱֺơƵȣ	","ҽҽԺ޹˾	","ҽҽԺ޹˾	","2015-07-28 00:00:00.0	"
"ҽҽԺ޹˾	","ӪΧҵΧ	","ҽԺҽԺͶʡ뾭׼Ŀز׼󷽿ɿչӪ	","ҽԺҽԺͶʣҽԺҽԺ񣬿ǻҽԺ񡣣뾭׼Ŀز׼󷽿ɿչӪ	","2015-05-26 00:00:00.0	"
"ҽҽԺ޹˾	","עʱעʽʽȱ	","500	","3000	","2017-07-26 00:00:00.0	"
"Ϻҽﲿ޹˾	","±	","л	","	","2016-06-13 00:00:00.0	"
"Ϻҽﲿ޹˾	","˱	","	","ɽ	","2016-06-13 00:00:00.0	"
"Ϻҽﲿ޹˾	","ӪΧ	","ҽԺｨͶʹʲͶѯҵѯѯô´ʣѯгӪ߻ҵ뾭׼Ŀز׼󷽿ɿչӪ	","ҽݿơơҽѧơҽѧӰơ뾭׼Ŀز׼󷽿ɿչӪ	","2015-07-15 00:00:00.0	"
"Ϻҽﲿ޹˾	","˱	","̽	","	","2015-01-29 00:00:00.0	"
"ҽﲿ޹˾	","³̱	","³̱(ǰ)	","׼³̱	","2016-12-27 00:00:00.0	"
"ҽﲿ޹˾	","Ӫҵޱ	","2012-08-06  2017-01-01	","2012-08-06 	","2016-12-26 00:00:00.0	"
"ҽﲿ޹˾	","ɶ	","½;Ͷʹ޹˾;ҽѧҽԺ޹˾;ղN;	","Ͷʹ޹˾;ҽѧҽԺ޹˾;ŻҽͶ޹˾;	","2018-04-28 00:00:00.0	"
"ҽﲿ޹˾	","³̱	","³̱(ǰ)	","׼³̱	","2018-04-28 00:00:00.0	"
"ҽﲿ޹˾	","	","(ǰ)	","Ŷΰ	","2016-12-08 00:00:00.0	"
"ҽﲿ޹˾	","֯	","£ѡ٣ ;Ҷ־ִж¼澭ѡ٣;	","ΰʤִж¼澭ѡ٣;£ѡ٣ ;	","2016-12-08 00:00:00.0	"
"ҽﲿ޹˾	","˱	","Ҷ־	","ΰʤ	","2016-12-08 00:00:00.0	"
"ҽﲿ޹˾	","³̱	","³̱(ǰ)	","׼³̱	","2015-07-24 00:00:00.0	"
"ҽﲿ޹˾	","Ӫҵޱ	","2012-08-06  2015-08-07	","2012-08-06  2017-01-01	","2015-07-24 00:00:00.0	"
"ҽﲿ޹˾	","ס(Ӫ)	","ֺ·222Աײ101-103104-1062㡢3㡢4㡢5-191-6Ԫ	","ֺ·222Աײ101-103104-1162㡢3㡢4㡢5-191-6Ԫ	","2015-07-24 00:00:00.0	"
"ҽѧҽԺ޹˾	","עʱ()	","201	","1000	","2015-09-24 00:00:00.0	"
"ҽѧҽԺ޹˾	","	","ҵ	","ҵ	","2016-07-19 00:00:00.0	"
"ҽѧҽԺ޹˾	","Ա	","ԭԱ:;绰:******绰:******ԭ:;绰:******绰:******ԭ˰:;绰:******绰:******ԭӪ:;ԭӪ:	","Ա:;绰:******绰:******ֲ:;绰:******绰:******ְ˰:;绰:******绰:******Ӫ:;Ӫ:	","2016-07-19 00:00:00.0	"
"ҽѧҽԺ޹˾	","עʱ()	","1000	","1000	","2015-09-24 00:00:00.0	"
"ҽѧҽԺ޹˾	","Ͷ(Ȩ)	","ҵ: ҽѧҽԺ޹˾; ʶ: 1000; ٷֱ: 100	","ҵ: ҽѧҽԺ޹˾; ʶ: 1000; ٷֱ: 100	","2015-09-24 00:00:00.0	"
"ҽѧҽԺ޹˾	","	","	","ҵ	","2016-07-19 00:00:00.0	"
"ҽѧҽԺ޹˾	","˱	","	","¿	","2017-08-10 00:00:00.0	"
"ҽѧҽԺ޹˾	","עʱ()	","1000	","3000	","2017-08-10 00:00:00.0	"
"ҽѧҽԺ޹˾	","Ͷ(Ȩ)	","ҵ: ҽѧҽԺ޹˾; ʶ: 1000; ٷֱ: 100	","ҵ: ҽѧҽԺ޹˾; ʶ: 3000; ٷֱ: 100	","2017-08-10 00:00:00.0	"
"ҽѧҽԺ޹˾	","±	",": ƹɽ;֤*********; ְλ: : ;֤*********; ְλ: ִж: ¬ǿ;֤*********; ְλ: 	",": ¿;֤*********; ְλ: ִж: ;֤*********; ְλ: : ƹɽ;֤*********; ְλ: 	","2017-08-10 00:00:00.0	"
"ҽѧҽԺ޹˾	","ҵ	","7299:δҵ	","7299:δҵ	","2017-08-10 00:00:00.0	"
"ҽѧҽԺ޹˾	","ӪΧ	","ɾӪĿҽѧݡ(뾭׼Ŀز׼󷽿ɿչӪ)һ㾭ӪĿгӪ߻ҵѯϢѯҵ(뾭׼Ŀز׼󷽿ɿչӪ)	","ҽѧݣгӪ߻ҵѯϢѯҵ(뾭׼Ŀز׼󷽿ɿչӪ)	","2017-08-10 00:00:00.0	"
"ҽѧҽԺ޹˾	","ҪԱ	",": ƹɽ; ֤: ******************; ְλ: 	: ; ֤: ******************; ְλ: ִж	: ¬ǿ; ֤: ******************; ְλ: 		",": ¿; ֤: ******************; ְλ: ִж	: ; ֤: ******************; ְλ: 	: ƹɽ; ֤: ******************; ְλ: 		","2017-08-10 00:00:00.0	"
"ҽѧҽԺ޹˾	","Ա	","ԭԱԭԱ̶绰ԭԱƶ绰ԭԭ˹̶绰ԭƶ绰ԭ˰ԭ˰˹̶绰ԭ˰ƶ绰ԭӪأԭӪ	","ԱԱ̶绰Աƶ绰***********ֲֲ˹̶绰ֲƶ绰ְ˰ְ˰˹̶绰ְ˰ƶ绰ӪأӪ	","2016-07-19 00:00:00.0	"
"ҽѧҽԺ޹˾	","һ㾭ӪĿ	","гӪ߻ҵѯϢѯҵ(뾭׼Ŀز׼󷽿ɿչӪ)	","гӪ߻ҵѯϢѯҵ(뾭׼Ŀز׼󷽿ɿչӪ)	","2016-07-19 00:00:00.0	"
"ҽѧҽԺ޹˾	","ӪΧ	","ɾӪĿҽѧݡ(뾭׼Ŀز׼󷽿ɿչӪ)һ㾭ӪĿгӪ߻ҵѯϢѯҵ(뾭׼Ŀز׼󷽿ɿչӪ)	","ɾӪĿҽѧݡ(뾭׼Ŀز׼󷽿ɿչӪ)һ㾭ӪĿгӪ߻ҵѯϢѯҵ(뾭׼Ŀز׼󷽿ɿչӪ)	","2016-07-19 00:00:00.0	"
"ҽѧҽԺ޹˾	","ɾӪĿ	","ҽѧݡ(뾭׼Ŀز׼󷽿ɿչӪ)	","ҽѧݡ(뾭׼Ŀز׼󷽿ɿչӪ)	","2016-07-19 00:00:00.0	"
"ҽѧҽԺ޹˾	","Ͷ߱	","	","¿	","2017-08-10 00:00:00.0	"
"ҽѧҽԺ޹˾	","ҵԱԱ	","ԭԱԭԱ̶绰ԭԱƶ绰ԭԭ˹̶绰ԭƶ绰ԭ˰ԭ˰˹̶绰ԭ˰ƶ绰ԭӪأԭӪ	","ԱԱ̶绰Աƶ绰***********ֲֲ˹̶绰ֲƶ绰ְ˰ְ˰˹̶绰ְ˰ƶ绰ӪأӪ	","2016-07-19 00:00:00.0	"
"ҽҽԺ޹˾	","ƱֺơƵȣ	","ҽҽԺ޹˾	","ҽҽԺ޹˾	","2015-08-18 00:00:00.0	"
"ҽҽԺ޹˾	","˱ˡˡϯ廧ӪߡͶˡϻִ˵ȱ	","κ	","	","2015-08-18 00:00:00.0	"
"ҽҽԺ޹˾	","ͶϢͶˡʶʷʽڡͶƵȣ	","'¹ɭ'	","'ҽѧҽԺ޹˾'	","2015-08-18 00:00:00.0	"
"ҽҽԺ޹˾	","ͶϢͶˡʶʷʽڡͶƵȣ	","'ɶͶʹ޹˾'	","'ɶͶʹ޹˾'	","2015-08-18 00:00:00.0	"
"ҽҽԺ޹˾	","Ͷ˱ʶʷʽڡͶƵȣ	","	","	","2015-08-18 00:00:00.0	"
"ҽҽԺ޹˾	","Ͷ˱ʶʷʽڡͶƵȣ	","	","¹ɭ	","2015-08-18 00:00:00.0	"
"ҽҽԺ޹˾	","Ͷ˱ʶʷʽڡͶƵȣ	","¹ɭ40%ɶͶʹ޹˾60%	","ҽѧҽԺ޹˾80%ɶͶʹ޹˾20%	","2015-08-18 00:00:00.0	"
"ҽҽԺ޹˾	","³̱	","	","	","2015-08-18 00:00:00.0	"
"ҽҽԺ޹˾	","߼Ա¡¡ȣ	","	","	","2015-08-18 00:00:00.0	"
"ҽҽԺ޹˾	","	","	","100000003100000018100000007100000020100000021100000022100000023	","2018-08-13 00:00:00.0	"
"ҽҽԺ޹˾	","	","	","¿ƱλסɴǼǣӪҵִգ˰Ǽ֤֤ᱣյǼ֤ͳ֤	","2018-08-13 00:00:00.0	"
"ܰҽﲿ޹˾	","֯	","ɽ();Ҷ־(ִж¼澭);	","ɽ();֣(ִж¼澭);	","2016-11-14 00:00:00.0	"
"ܰҽﲿ޹˾	","˱	","Ҷ־	","֣	","2016-11-14 00:00:00.0	"
"ܰҽﲿ޹˾	","±	","ɽ();Ҷ־(ִж¼澭);	","ɽ();֣(ִж¼澭);	","2016-11-14 00:00:00.0	"
"ܰҽﲿ޹˾	","	","ɽ();Ҷ־(ִж¼澭);	","ɽ();֣(ִж¼澭);	","2016-11-14 00:00:00.0	"
"ܰҽﲿ޹˾	","ɶ	","ɽ;Ͷʹ޹˾;	","ɽ;Ͷʹ޹˾;	","2016-11-14 00:00:00.0	"
"ܰҽﲿ޹˾	","³̱	","³̱(ǰ)	","׼³̱	","2016-11-14 00:00:00.0	"
"ܰҽﲿ޹˾	","±	","ɽ£ ;Ҷ־ִж¼澭;	","ɽ£ ;֣ᣬִж¼澭ѡ٣;	","2016-11-14 00:00:00.0	"
"ܰҽﲿ޹˾	","	","ɽ£ ;Ҷ־ִж¼澭;	","ɽ£ ;֣ᣬִж¼澭ѡ٣ ;	","2016-11-14 00:00:00.0	"
"ܰҽﲿ޹˾	","֯	","ɽ£ ;Ҷ־ִж¼澭;	","ɽ£ ;֣ᣬִж¼澭ѡ٣;	","2016-11-14 00:00:00.0	"
"ܰҽﲿ޹˾	","	","(ǰ)	","־	","2016-11-14 00:00:00.0	"
"ܰҽﲿ޹˾	","Ʊ	","άҽﲿ޹˾	","ܰҽﲿ޹˾	","2014-12-17 00:00:00.0	"
"ܰҽﲿ޹˾	","³̱	","³̱(ǰ)	","׼³̱	","2014-12-17 00:00:00.0	"
"ҽԺ޹˾	","³̱	","³	","2017-03-01עʱ	","2017-03-07 00:00:00.0	"
"ҽԺ޹˾	","עʱ()	","120.000000	","500.000000	","2017-03-07 00:00:00.0	"
"ҽԺ޹˾	","	","	","Ӫҵִ1 	","2016-04-28 00:00:00.0	"
"ҽԺ޹˾	","³	","³	","	","2015-01-23 00:00:00.0	"
"ҽԺ޹˾	","ϢʾԱ	","	","	","2015-01-23 00:00:00.0	"
"ҽԺ޹˾	","ӪΧ	","ɾӪĿơơƤơҽơҡѯҡơƣҽƻִҵ֤Ч2014829գ(ϾӪΧ漰ɾӪĿģӦȡйزŵɺ󷽿ɾӪ)	","ơơƤơҽơҡѯҡơƣҽƻִҵ֤Чڼ֤뾭׼Ŀز׼󷽿ɿչӪ	","2015-01-23 00:00:00.0	"
"ҽԺ޹˾	","˱	","־	","	","2014-04-02 00:00:00.0	"
"ҽԺ޹˾	","Ʊ	","ݻҽԺ޹˾	","ҽԺ޹˾	","2014-04-02 00:00:00.0	"
"ҽԺ޹˾	","ҵͱ	","ι˾(Ȼ˶)	","ι˾(ȻͶʻع)	","2014-04-02 00:00:00.0	"
"ҽԺ޹˾	","Ͷ(Ȩ)	","־ ֤պ룺******;	","ɽ ֤պ********* ֤պ********* ֤պ********* ֤պ룺******;	","2014-04-02 00:00:00.0	"
"ҽԺ޹˾	","³̱	","	","2014-03-12ɶˡҵ͡	","2014-04-02 00:00:00.0	"
"ҽԺ޹˾	","	","־ᡡ	","	","2014-04-02 00:00:00.0	"
"ҽԺ޹˾	","±	","־ᡡ	","ס	","2014-04-02 00:00:00.0	"
"ҽԺ޹˾	","±	","	","Խ	","2014-04-02 00:00:00.0	"
"ҽԺ޹˾	","Ͷ(Ȩ)	","־ ֤պ룺******************;	","ɽ ֤պ룺******************;ղN ֤պ룺******************;Ͷʹ޹˾ ֤պ룺***************;ʡͶʹ޹˾ ֤պ룺***************;	","2014-04-02 00:00:00.0	"
"ҽԺ޹˾	","Ͷ(Ȩ)	","ɽ ֤պ룺******************;ղN ֤պ룺******************;Ͷʹ޹˾ ֤պ룺*****************F;ʡͶʹ޹˾ ֤պ룺*****************A;	","Ͷʹ޹˾ ֤պ룺*****************F;ҽѧҽԺ޹˾ ֤պ룺*****************R;ʡͶʹ޹˾ ֤պ룺*****************A;ŻҽͶ޹˾ ֤պ룺******************;	","2018-08-29 00:00:00.0	"
"ҽԺ޹˾	","³̱	","³	","2018-08-20ɶ	","2018-08-29 00:00:00.0	"
"֣ҽҽԺ޹˾	","ӪΧҵΧ	","ݣƾЧҽƻ֤Ӫ	","ҽݣƾЧҽƻ֤Ӫ	","2016-07-22 00:00:00.0	"
"֣ҽҽԺ޹˾	","ƱֺơƵȣ	","֣ҽԺ޹˾	","֣ҽҽԺ޹˾	","2015-12-08 00:00:00.0	"
"֣ҽҽԺ޹˾	","עʱעʽʽȱ	","300	","800.000000	","2015-09-18 00:00:00.0	"
"֣ҽҽԺ޹˾	","Ͷ˱ʶʷʽڡͶƵȣ	","ҽѧҽԺ޹˾;	","ҽѧҽԺ޹˾;	","2015-09-18 00:00:00.0	"
"֣ҽҽԺ޹˾	","߼Ա¡¡ȣ	","¿л	","¿ɽ	","2016-07-22 00:00:00.0	"
"ҽԺ޹˾	","˱	","	","ƽ	","2014-07-10 00:00:00.0	"
"ҽԺ޹˾	","˱ˡˡϯϻִ˵ȱ	","	","ƽ	","2014-07-10 00:00:00.0	"
"ҽԺ޹˾	","ҵס	","иɽ·889	","·388ź1-4㼰6	","2018-10-08 00:00:00.0	"
"ܰҽԺ޹˾	","ʽ	","700.0000 (λԪ)	","1000.0000 (λԪ)	","2014-11-17 00:00:00.0	"
"ܰҽԺ޹˾	","徭ӪĿ걨	","ҽݿƣƣƣƤƣҽơơҽѧơҽѧӰƣXרҵרҵĵרҵҽƻִҵ֤Ч2016-06-03	","רҽԺ;	","2014-11-17 00:00:00.0	"
"ĴܰҽѧҽԺ޹˾	","鱸	","/	","/	","2016-12-01 00:00:00.0	"
"ĴܰҽѧҽԺ޹˾	","³̱	","/	","/	","2016-05-18 00:00:00.0	"
"ĴܰҽѧҽԺ޹˾	","Ͷ(Ȩ)	","⽨;ҽѧҽԺ޹˾;ɶͶʹ޹˾;	","ɶͶʹ޹˾;ҽѧҽԺ޹˾;ĴڸҽԺ޹˾;	","2016-05-18 00:00:00.0	"
"ĴܰҽѧҽԺ޹˾	","ʱ	","ҽѧҽԺ޹˾85.5%;	","ɶͶʹ޹˾5.0%;	","2016-05-18 00:00:00.0	"
"ĴܰҽѧҽԺ޹˾	","Ͷ()	","ҽѧҽԺ޹˾;⽨;	","ɶͶʹ޹˾;ĴڸҽԺ޹˾;	","2016-05-18 00:00:00.0	"
"ĴܰҽѧҽԺ޹˾	","Ͷ˾	","ҽѧҽԺ޹˾ɶ໪·31;⽨ɣʡׯɽ·32;	","ɶͶʹ޹˾ɶ໪·31Ҵ¥;ĴڸҽԺ޹˾ɶϴŽ2211Ԫ114;	","2016-05-18 00:00:00.0	"
"ҽҽԺ޹˾	","ӪΧ	","ݡ뾭׼Ŀز׼󷽿ɿչӪ	","ṩҽݡơơƤơǻơҽơơӰơҩơƵҽƷ񡣣뾭׼Ŀز׼󷽿ɿչӪ	","2017-12-18 00:00:00.0	"
"ҽҽԺ޹˾	","³	","	","	","2017-12-18 00:00:00.0	"
"ҽҽԺ޹˾	","ס	","ʡ·54廷㳡1-4	","ʡ·13Ż㾰1-5	","2017-12-18 00:00:00.0	"
"ҽҽԺ޹˾	","Ա	"," *** ֻ***	"," *** ֻ***** ϰ	","2018-04-18 00:00:00.0	"
"ҽҽԺ޹˾	","	","˾Ϣ()˵:.	","˾Ϣ()˵:.	","2017-06-06 00:00:00.0	"
"ҽҽԺ޹˾	","	","4o,o:DfDDo4D:400.04D:1450.04D:200.0Y4P:0Y4P:0Y4P:0D:'D:'D:'D:20170721D:20170721D:20170721Y4:20661017Y4:20661017Y4:20661017DDoD{: պD:D	Plg{:պ%gg(l)g:*****************A4D:600.04D:400.0D:'Dԋ:20.0D:20170721Y4P:0+(0:):-/&:պD:D{: պD:;f;b	Plg{:պ%gg(l)g:***************4D:2100.04D:1450.0D:'Dԋ:70.0D:20170721Y4P:0+(0:):-/&:պD:D{: պD:)D	Plg{:պ%gg(l)g:*****************F4D:300.04D:200.0D:'Dԋ:10.0D:20170721Y4P:0+(0:):-/&:պD:l,o(eE)6D,:3000.0D:	Ͷʹ޹˾֤:ҵӪҵִ(˾)֤ձ:*****************FϽɳʶ:300.0ʵɳʶ:200.0ʷʽ:ңʱ:10.0ʱ:20170721ɸ:0():йǷҵ:ŷͶ:˾Ϣ()ʵʱ:3000.0˵:	","4o,o:DfDDo4D:600.04D:2100.04D:300.0Y4P:0Y4P:0Y4P:0D:'D:'D:'D:20170728D:20170728D:20170728Y4:Y4:Y4:DDoD{: պD:D	Plg{:պ%gg(l)g:*****************A4D:600.04D:600.0D:'Dԋ:20.0D:20170728Y4P:0+(0:):-/&:պD:D{: պD:;f;b	Plg{:պ%gg(l)g:***************4D:2100.04D:2100.0D:'Dԋ:70.0D:20170728Y4P:0+(0:):-/&:պD:D{: պD:)D	Plg{:պ%gg(l)g:*****************F4D:300.04D:300.0D:'Dԋ:10.0D:20170728Y4P:0+(0:):-/&:պD:l,o(eE)6D,:3000.0D:	Ͷʹ޹˾֤:ҵӪҵִ(˾)֤ձ:*****************FϽɳʶ:300.0ʵɳʶ:300.0ʷʽ:ңʱ:10.0ʱ:20170728ɸ:0():йǷҵ:ŷͶ:˾Ϣ()ʵʱ:3000.0˵:	","2017-09-15 00:00:00.0	"
"ҽҽԺ޹˾	","	","4o,o:DfDDo4D:0.04D:0.04D:0.0Y4P:0Y4P:0Y4P:0D:'D:'D:'D:D:D:Y4:20661017Y4:20661017Y4:20661017DDoD{: պD:)D	Plg{:պ%gg(l)g:*****************F4D:300.04D:0.0D:'Dԋ:10.0D:Y4P:0+(0:):-/&:պD:D{: պD:D	Plg{:պ%gg(l)g:*****************A4D:600.04D:0.0D:'Dԋ:20.0D:Y4P:0+(0:):-/&:պD:D{: պD:;f;b	Plg{:պ%gg(l)g:***************4D:2100.04D:0.0D:'Dԋ:70.0D:Y4P:0+(0:):-/&:պD:l,o(eE)6D,:0.0D:.	: ҵˣͶ:ҽѧҽԺ޹˾֤:ҵӪҵִ(˾)֤ձ:***************Ͻɳʶ:2100.0ʵɳʶ:0.0ʷʽ:ңʱ:70.0ʱ:ɸ:0():йǷҵ:ŷͶ:˾Ϣ()ʵʱ:0.0˵:.	","4o,o:DfDDo4D:200.04D:400.04D:1450.0Y4P:0Y4P:0Y4P:0D:'D:'D:'D:20170721D:20170721D:20170721Y4:20661017Y4:20661017Y4:20661017DDoD{: պD:)D	Plg{:պ%gg(l)g:*****************F4D:300.04D:200.0D:'Dԋ:10.0D:20170721Y4P:0+(0:):-/&:պD:D{: պD:D	Plg{:պ%gg(l)g:*****************A4D:600.04D:400.0D:'Dԋ:20.0D:20170721Y4P:0+(0:):-/&:պD:D{: պD:;f;b	Plg{:պ%gg(l)g:***************4D:2100.04D:1450.0D:'Dԋ:70.0D:20170721Y4P:0+(0:):-/&:պD:l,o(eE)6D,:3000.0D:	ҽѧҽԺ޹˾֤:ҵӪҵִ(˾)֤ձ:***************Ͻɳʶ:2100.0ʵɳʶ:1450.0ʷʽ:ңʱ:70.0ʱ:20170721ɸ:0():йǷҵ:ŷͶ:˾Ϣ()ʵʱ:3000.0˵:	","2017-08-14 00:00:00.0	"
"ҽҽԺ޹˾	","	","4o,o:DfDDo4D:0.04D:0.04D:0.0Y4P:0Y4P:0Y4P:0D:D:D:D:D:D:Y4:20661017Y4:20661017Y4:20661017DDoD{: պD:)D	Plg{:պ%gg(l)g:*****************F4D:200.04D:0.0D:Dԋ:9.8D:Y4P:0+(0:):-/&:պD:D{: պD:D	Plg{:պ%gg(l)g:*****************A4D:400.04D:0.0D:Dԋ:19.5D:Y4P:0+(0:):-/&:պD:D{: պD:;f;b	Plg{:պ%gg(l)g:***************4D:1450.04D:0.0D:Dԋ:70.7D:Y4P:0+(0:):-/&:պD:l,o(eE)6D,:0.0D:	: ҵˣͶ:ҽѧҽԺ޹˾֤:ҵӪҵִ(˾)֤ձ:***************Ͻɳʶ:1450.0ʵɳʶ:0.0ʷʽ:ʱ:70.7ʱ:ɸ:0():йǷҵ:ŷͶ:˾Ϣ()ʵʱ:0.0˵:	","4o,o:DfDDo4D:0.04D:0.04D:0.0Y4P:0Y4P:0Y4P:0D:'D:'D:'D:D:D:Y4:20661017Y4:20661017Y4:20661017DDoD{: պD:)D	Plg{:պ%gg(l)g:*****************F4D:300.04D:0.0D:'Dԋ:10.0D:Y4P:0+(0:):-/&:պD:D{: պD:D	Plg{:պ%gg(l)g:*****************A4D:600.04D:0.0D:'Dԋ:20.0D:Y4P:0+(0:):-/&:պD:D{: պD:;f;b	Plg{:պ%gg(l)g:***************4D:2100.04D:0.0D:'Dԋ:70.0D:Y4P:0+(0:):-/&:պD:l,o(eE)6D,:0.0D:.	: ҵˣͶ:ҽѧҽԺ޹˾֤:ҵӪҵִ(˾)֤ձ:***************Ͻɳʶ:2100.0ʵɳʶ:0.0ʷʽ:ңʱ:70.0ʱ:ɸ:0():йǷҵ:ŷͶ:˾Ϣ()ʵʱ:0.0˵:.	","2017-06-06 00:00:00.0	"
"ҽҽԺ޹˾	","	","ҵϢҵ():ι˾עʱ():2050.0Ͷ˼ϢͶ: ҵˣͶ:Ͷʹ޹˾֤:ҵӪҵִ(˾)֤ձ:*****************FϽɳʶ:200.0ʵɳʶ:0.0ʷʽ:ʱ:9.8ʱ:ɸ:0():йǷҵ:ŷͶ:Ͷ: ҵˣͶ:ʡͶʹ޹˾֤:ҵӪҵִ(˾)֤ձ:*****************AϽɳʶ:400.0ʵɳʶ:0.0ʷʽ:ʱ:19.5ʱ:ɸ:0():йǷҵ:ŷͶ:Ͷ: ҵˣͶ:ҽѧҽԺ޹˾֤:ҵӪҵִ(˾)֤ձ:***************Ͻɳʶ:1450.0ʵɳʶ:0.0ʷʽ:ʱ:70.7ʱ:ɸ:0():йǷҵ:ŷͶ:˾Ϣ()˵:.	","ҵϢҵ():ι˾עʱ():3000.0Ͷ˼ϢͶ: ҵˣͶ:Ͷʹ޹˾֤:ҵӪҵִ(˾)֤ձ:*****************FϽɳʶ:300.0ʵɳʶ:0.0ʷʽ:ңʱ:10.0ʱ:ɸ:0():йǷҵ:ŷͶ:Ͷ: ҵˣͶ:ʡͶʹ޹˾֤:ҵӪҵִ(˾)֤ձ:*****************AϽɳʶ:600.0ʵɳʶ:0.0ʷʽ:ңʱ:20.0ʱ:ɸ:0():йǷҵ:ŷͶ:Ͷ: ҵˣͶ:ҽѧҽԺ޹˾֤:ҵӪҵִ(˾)֤ձ:***************Ͻɳʶ:2100.0ʵɳʶ:0.0ʷʽ:ңʱ:70.0ʱ:ɸ:0():йǷҵ:ŷͶ:˾Ϣ()˵:	","2017-06-06 00:00:00.0	"
"ҽҽԺ޹˾	","	","<b>ҵϢ</b>:SS013542ע:****************	","<b>ҵϢ</b>:SS013542ע:****************	","2018-10-24 00:00:00.0	"
"ҽҽԺ޹˾	","	","4o,o:DfDDo4D:400.04D:1450.04D:200.0Y4P:0Y4P:0Y4P:0D:'D:'D:'D:20170721D:20170721D:20170721Y4:20661017Y4:20661017Y4:20661017DDoD{:  պD:D	Plg{:պ%gg(l)g:*****************A{::4D:600.04D:400.0D:'Dԋ:20.0D:20170721Y4P:0+(0:):-/&:պD:D{:  պD:;f;b	Plg{:պ%gg(l)g:***************{::4D:2100.04D:1450.0D:'Dԋ:70.0D:20170721Y4P:0+(0:):-/&:պD:D{:  պD:)D	Plg{:պ%gg(l)g:*****************F{::4D:300.04D:200.0D:'Dԋ:10.0D:20170721Y4P:0+(0:):-/&:պD:l,o(eE)6D,:3000.0D:	Ͷʹ޹˾֤:ҵӪҵִ(˾)֤ձ:*****************F֤:֤:Ͻɳʶ:300.0ʵɳʶ:200.0ʷʽ:ңʱ:10.0ʱ:20170721ɸ:0():йǷҵ:ŷͶ:˾Ϣ()ʵʱ:3000.0˵:	","4o,o:DfDDo4D:600.04D:2100.04D:300.0Y4P:0Y4P:0Y4P:0D:'D:'D:'D:20170728D:20170728D:20170728Y4:Y4:Y4:DDoD{:  պD:D	Plg{:պ%gg(l)g:*****************A{::4D:600.04D:600.0D:'Dԋ:20.0D:20170728Y4P:0+(0:):-/&:պD:D{:  պD:;f;b	Plg{:պ%gg(l)g:***************{::4D:2100.04D:2100.0D:'Dԋ:70.0D:20170728Y4P:0+(0:):-/&:պD:D{:  պD:)D	Plg{:պ%gg(l)g:*****************F{::4D:300.04D:300.0D:'Dԋ:10.0D:20170728Y4P:0+(0:):-/&:պD:l,o(eE)6D,:3000.0D:	Ͷʹ޹˾֤:ҵӪҵִ(˾)֤ձ:*****************F֤:֤:Ͻɳʶ:300.0ʵɳʶ:300.0ʷʽ:ңʱ:10.0ʱ:20170728ɸ:0():йǷҵ:ŷͶ:˾Ϣ()ʵʱ:3000.0˵:	","2017-09-15 00:00:00.0	"
"ҽҽԺ޹˾	","	","4o,o:DfDDo4D:0.04D:0.04D:0.0Y4P:0Y4P:0Y4P:0D:'D:'D:'D:D:D:Y4:20661017Y4:20661017Y4:20661017DDoD{:  պD:)D	Plg{:պ%gg(l)g:*****************F{::4D:300.04D:0.0D:'Dԋ:10.0D:Y4P:0+(0:):-/&:պD:D{:  պD:D	Plg{:պ%gg(l)g:*****************A{::4D:600.04D:0.0D:'Dԋ:20.0D:Y4P:0+(0:):-/&:պD:D{:  պD:;f;b	Plg{:պ%gg(l)g:***************{::4D:2100.04D:0.0D:'Dԋ:70.0D:Y4P:0+(0:):-/&:պD:l,o(eE)6D,:0.0D:.	:  ҵˣͶ:ҽѧҽԺ޹˾֤:ҵӪҵִ(˾)֤ձ:***************֤:֤:Ͻɳʶ:2100.0ʵɳʶ:0.0ʷʽ:ңʱ:70.0ʱ:ɸ:0():йǷҵ:ŷͶ:˾Ϣ()ʵʱ:0.0˵:.	","4o,o:DfDDo4D:200.04D:400.04D:1450.0Y4P:0Y4P:0Y4P:0D:'D:'D:'D:20170721D:20170721D:20170721Y4:20661017Y4:20661017Y4:20661017DDoD{:  պD:)D	Plg{:պ%gg(l)g:*****************F{::4D:300.04D:200.0D:'Dԋ:10.0D:20170721Y4P:0+(0:):-/&:պD:D{:  պD:D	Plg{:պ%gg(l)g:*****************A{::4D:600.04D:400.0D:'Dԋ:20.0D:20170721Y4P:0+(0:):-/&:պD:D{:  պD:;f;b	Plg{:պ%gg(l)g:***************{::4D:2100.04D:1450.0D:'Dԋ:70.0D:20170721Y4P:0+(0:):-/&:պD:l,o(eE)6D,:3000.0D:	ҽѧҽԺ޹˾֤:ҵӪҵִ(˾)֤ձ:***************֤:֤:Ͻɳʶ:2100.0ʵɳʶ:1450.0ʷʽ:ңʱ:70.0ʱ:20170721ɸ:0():йǷҵ:ŷͶ:˾Ϣ()ʵʱ:3000.0˵:	","2017-08-14 00:00:00.0	"
"ҽҽԺ޹˾	","	","ҵϢҵ():ι˾עʱ():2050.0Ͷ˼ϢͶ:  ҵˣͶ:Ͷʹ޹˾֤:ҵӪҵִ(˾)֤ձ:*****************F֤:֤:Ͻɳʶ:200.0ʵɳʶ:0.0ʷʽ:ʱ:9.8ʱ:ɸ:0():йǷҵ:ŷͶ:Ͷ:  ҵˣͶ:ʡͶʹ޹˾֤:ҵӪҵִ(˾)֤ձ:*****************A֤:֤:Ͻɳʶ:400.0ʵɳʶ:0.0ʷʽ:ʱ:19.5ʱ:ɸ:0():йǷҵ:ŷͶ:Ͷ:  ҵˣͶ:ҽѧҽԺ޹˾֤:ҵӪҵִ(˾)֤ձ:***************֤:֤:Ͻɳʶ:1450.0ʵɳʶ:0.0ʷʽ:ʱ:70.7ʱ:ɸ:0():йǷҵ:ŷͶ:˾Ϣ()˵:.	","ҵϢҵ():ι˾עʱ():3000.0Ͷ˼ϢͶ:  ҵˣͶ:Ͷʹ޹˾֤:ҵӪҵִ(˾)֤ձ:*****************F֤:֤:Ͻɳʶ:300.0ʵɳʶ:0.0ʷʽ:ңʱ:10.0ʱ:ɸ:0():йǷҵ:ŷͶ:Ͷ:  ҵˣͶ:ʡͶʹ޹˾֤:ҵӪҵִ(˾)֤ձ:*****************A֤:֤:Ͻɳʶ:600.0ʵɳʶ:0.0ʷʽ:ңʱ:20.0ʱ:ɸ:0():йǷҵ:ŷͶ:Ͷ:  ҵˣͶ:ҽѧҽԺ޹˾֤:ҵӪҵִ(˾)֤ձ:***************֤:֤:Ͻɳʶ:2100.0ʵɳʶ:0.0ʷʽ:ңʱ:70.0ʱ:ɸ:0():йǷҵ:ŷͶ:˾Ϣ()˵:	","2017-06-06 00:00:00.0	"
"ҽҽԺ޹˾	","	","4o,o:DfDDo4D:0.04D:0.04D:0.0Y4P:0Y4P:0Y4P:0D:D:D:D:D:D:Y4:20661017Y4:20661017Y4:20661017DDoD{:  պD:)D	Plg{:պ%gg(l)g:*****************F{::4D:200.04D:0.0D:Dԋ:9.8D:Y4P:0+(0:):-/&:պD:D{:  պD:D	Plg{:պ%gg(l)g:*****************A{::4D:400.04D:0.0D:Dԋ:19.5D:Y4P:0+(0:):-/&:պD:D{:  պD:;f;b	Plg{:պ%gg(l)g:***************{::4D:1450.04D:0.0D:Dԋ:70.7D:Y4P:0+(0:):-/&:պD:l,o(eE)6D,:0.0D:	:  ҵˣͶ:ҽѧҽԺ޹˾֤:ҵӪҵִ(˾)֤ձ:***************֤:֤:Ͻɳʶ:1450.0ʵɳʶ:0.0ʷʽ:ʱ:70.7ʱ:ɸ:0():йǷҵ:ŷͶ:˾Ϣ()ʵʱ:0.0˵:	","4o,o:DfDDo4D:0.04D:0.04D:0.0Y4P:0Y4P:0Y4P:0D:'D:'D:'D:D:D:Y4:20661017Y4:20661017Y4:20661017DDoD{:  պD:)D	Plg{:պ%gg(l)g:*****************F{::4D:300.04D:0.0D:'Dԋ:10.0D:Y4P:0+(0:):-/&:պD:D{:  պD:D	Plg{:պ%gg(l)g:*****************A{::4D:600.04D:0.0D:'Dԋ:20.0D:Y4P:0+(0:):-/&:պD:D{:  պD:;f;b	Plg{:պ%gg(l)g:***************{::4D:2100.04D:0.0D:'Dԋ:70.0D:Y4P:0+(0:):-/&:պD:l,o(eE)6D,:0.0D:.	:  ҵˣͶ:ҽѧҽԺ޹˾֤:ҵӪҵִ(˾)֤ձ:***************֤:֤:Ͻɳʶ:2100.0ʵɳʶ:0.0ʷʽ:ңʱ:70.0ʱ:ɸ:0():йǷҵ:ŷͶ:˾Ϣ()ʵʱ:0.0˵:.	","2017-06-06 00:00:00.0	"
"ҽҽԺ޹˾	","	","<b>ҵϢ</b>Ա:ԣְ:ִж£ò:ְʼ::壬ְֹ:ְʽ:ѡ٣˱־:1λ:ɶᣬԱ־:2־::й<br><font color='red'>ɾ</font>:Ա:ԣְ:ܾò:ְʼ::壬ְֹ:ְʽ:ƸΣ˱־:2λ:Ա־:2־::й	","<b>ҵϢ</b>Ա:ԣְ:ܾò:ְʼ::壬ְֹ:ְʽ:ƸΣ˱־:2λ:Ա־:2־::й<br><font color='blue'></font>:֣Ա:ԣְ:ִж£ò:ְʼ::壬ְֹ:ְʽ:ѡ٣˱־:1λ:Ա־:2־::й.	","2019-04-24 00:00:00.0	"
"ҽҽԺ޹˾	","	","<b>̵Ǽˣ</b><br>:20161025:361000Ա:ԣnull::null:<br><b>ҵϢ</b>	","<b>̵Ǽˣ</b><br>:20161025:361000Ա:Ůԣnull::null:<br><b>ҵϢ</b>	","2019-06-26 00:00:00.0	"
"ҽҽԺ޹˾	","	","<b>̵Ǽˣ</b><br>:20190626:361000Ա:Ůԣnull::null:<br><b>ҵϢ</b>	","<b>̵Ǽˣ</b><br>:20190626:361000Ա:ԣnull::ܣnull:<br><b>ҵϢ</b>	","2019-10-18 00:00:00.0	"
"ŵؿǻҽԺ޹˾	","	","ȨתϢҵϢҵ():ι˾(ȻͶʻع)Ͷ˼ϢͶ:  ҵˣͶ:еͶʹ޹˾֤:ҵӪҵִ(˾)֤ձ:***************֤:֤:Ͻɳʶ:410.0ʵɳʶ:0.0ʷʽ:ңʱ:20.0ʱ:ɸ:240():йǷҵ:ŷͶ:Ͷ:  ҵˣͶ:ŻҽͶ޹˾֤:ҵӪҵִ(˾)֤ձ:***************֤:֤:Ͻɳʶ:820.0ʵɳʶ:0.0ʷʽ:ңʱ:40.0ʱ:ɸ:240():йǷҵ:ŷͶ:Ͷ:Ȼ˹ɶͶ:֤:֤ձ:֤:л񹲺͹֤֤:******************Ͻɳʶ:820.0ʵɳʶ:0.0ʷʽ:ңʱ:40.0ʱ:ɸ:240():йǷҵ:ŷͶ:.	","Clol:l@`D:10.0l:205.0:שg:{:-NqEl:****************************l{:-pש:****************************l{:lg:***************l:lg{:պ%gg(l)שg{::******************l:{yD	Plש:N ,o(:){:	P#l(6D)DDoD{:  պD:{yD	Plg{:պ%gg(l)g:********MA2XNJYG53{::4D:205.04D:0.0D:'Dԋ:10.0D:Y4P:240+(0:):-/&:պD:D{:  պD:N;D	Plg{:պ%gg(l)g:******************{::4D:820.04D:0.0D:'Dԋ:40.0D:Y4P:240+(0:):-/&:պD:D{:6D:N g{:g:{:-NqE:******************4D:1025.04D:0.0D:'Dԋ:50.0D:Y4P:240+(0:):-/&:պD:	:240():йǷҵ:ŷͶ:Ͷ:Ȼ˹ɶͶ:֤:֤ձ:֤:л񹲺͹֤֤:******************Ͻɳʶ:1025.0ʵɳʶ:0.0ʷʽ:ңʱ:50.0ʱ:ɸ:240():йǷҵ:ŷͶ:	","2019-03-04 00:00:00.0	"
"ŵؿǻҽԺ޹˾	","	","<b>ȨתϢ</b><br><b>ҵϢ</b>ҵ():ι˾(ȻͶʻع)<br><b>Ͷ˼Ϣ</b><br>Ͷ:  ҵˣͶ:еͶʹ޹˾֤:ҵӪҵִ(˾)֤ձ:***************Ͻɳʶ:410.0ʵɳʶ:0.0ʷʽ:ңʱ:20.0ʱ:ɸ:240():йǷҵ:ŷͶ:<br>Ͷ:  ҵˣͶ:ŻҽͶ޹˾֤:ҵӪҵִ(˾)֤ձ:***************Ͻɳʶ:820.0ʵɳʶ:0.0ʷʽ:ңʱ:40.0ʱ:ɸ:240():йǷҵ:ŷͶ:<br>Ͷ:Ȼ˹ɶͶ:֤:֤ձ:Ͻɳʶ:820.0ʵɳʶ:0.0ʷʽ:ңʱ:40.0ʱ:ɸ:240():йǷҵ:ŷͶ:.	","<b>Clo</b><br><font color='blue'></font>l:l@`D:10.0l:205.0:שg:l:****************************l{:-pש:****************************llg:***************llg{:պ%gg(l)שg{:l:{yD	Plש:N <br><b>,o</b>(:){:	P#l(6D)<br><b>DDo</b><br>D{:  պD:{yD	Plg{:պ%gg(l)g:********MA2XNJYG534D:205.04D:0.0D:'Dԋ:10.0D:Y4P:240+(0:):-/&:պD:<br>D{:  պD:N;D	Plg{:պ%gg(l)g:******************4D:820.04D:0.0D:'Dԋ:40.0D:Y4P:240+(0:):-/&:պD:<br>D{:6D:N g{:g:4D:1025.04D:0.0D:'Dԋ:50.0D:Y4P:240+(0:):-/&:պD:	ʱ:ɸ:240():йǷҵ:ŷͶ:<br>Ͷ:Ȼ˹ɶͶ:֤:֤ձ:Ͻɳʶ:1025.0ʵɳʶ:0.0ʷʽ:ңʱ:50.0ʱ:ɸ:240():йǷҵ:ŷͶ:	","2019-03-04 00:00:00.0	"
"ɶܰҽѧҽԺ޹˾	","³̱	","/	","/	","2016-11-28 00:00:00.0	"
"ɶܰҽѧҽԺ޹˾	","ҵͱ	","1153	","1190	","2016-11-28 00:00:00.0	"
"ɶܰҽѧҽԺ޹˾	","Ͷ(Ȩ)	","ĴܰҽѧҽԺ޹˾;	","ɶͶʹ޹˾;ҽѧҽԺ޹˾;ĴڸҽԺ޹˾;	","2016-11-28 00:00:00.0	"
"ɶܰҽѧҽԺ޹˾	","Ͷ()	","ĴܰҽѧҽԺ޹˾;	","ҽѧҽԺ޹˾;	","2016-11-28 00:00:00.0	"
"ɶܰҽѧҽԺ޹˾	","Ͷ˾	","ĴܰҽѧҽԺ޹˾ɶ·7;	","ҽѧҽԺ޹˾ɶ໪·31;	","2016-11-28 00:00:00.0	"
"ɶܰҽѧҽԺ޹˾	","	","	","***	","2018-06-12 00:00:00.0	"
"ɶܰҽѧҽԺ޹˾	","ɶɷݷ˸ıƱ	","ĴܰҽѧҽԺ޹˾;	","ɶͶʹ޹˾;ҽѧҽԺ޹˾;ĴڸҽԺ޹˾;	","2016-11-28 00:00:00.0	"
"ɶܰҽѧҽԺ޹˾	","ɶɷݷ˸ıƱ	","ĴܰҽѧҽԺ޹˾ɶ·7;	","ҽѧҽԺ޹˾ɶ໪·31;	","2016-11-28 00:00:00.0	"
"ɶܰҽѧҽԺ޹˾	","߼Ա¡¡ȣ	","/	","/	","2016-11-28 00:00:00.0	"
"人ҽҽԺ޹˾	","ַסַӪפڵַȱ	","б·붫ɳ㴦人ĻK1ؿһһJ1-J21-6	","·8	","2017-01-06 00:00:00.0	"
"人ҽҽԺ޹˾	","ƱֺơƵȣ	","人ҽҽԺ޹˾	","人ҽҽԺ޹˾	","2017-01-06 00:00:00.0	"
"人ҽҽԺ޹˾	","ɾӪĿ	","	","֤;	","2017-05-03 00:00:00.0	"
"人ҽҽԺ޹˾	","	","	","520118	","2017-05-03 00:00:00.0	"
"人ҽҽԺ޹˾	","ӪΧҵΧ	","ҽݿơơơƤơҽơơҽѧơٴҺѪҺרҵٴѧרҵҽѧӰƣXרҵרҵĵרҵ뾭׼Ŀز׼󷽿ɿչӪ	","ҽݿơơơƤơҽơơҽѧơٴҺѪҺרҵٴѧרҵҽѧӰƣXרҵרҵĵרҵ)ݣ鼰չ񡣣뾭Ŀز󷽿ɿչӪ	","2017-05-03 00:00:00.0	"
"人ҽҽԺ޹˾	","˱ˡˡϯϻִ˵ȱ	","	","¿	","2018-02-06 00:00:00.0	"
"人ҽҽԺ޹˾	","	","520118	","520118	","2018-02-06 00:00:00.0	"
"人ҽҽԺ޹˾	","߼Ա¡¡ȣ	","ƹɽ£٣ִж¼ܾ	","ƹɽ£¿ִж¼ܾ	","2018-02-06 00:00:00.0	"
"人ҽҽԺ޹˾	","	","ɣ԰ݡͨߡݡȹݡưɡɣ	","ɣ԰ݡͨߡݡȹݡưɡɣ	","2018-02-06 00:00:00.0	"
"人ҽҽԺ޹˾	","	","	","ɣ԰ݡͨߡݡȹݡưɡɣ	","2017-05-03 00:00:00.0	"
"人ҽҽԺ޹˾	","	","	","100000017|100000089|	","2019-03-20 00:00:00.0	"
"人ҽҽԺ޹˾	","ɾӪĿ	","֤;	","ҽƻִҵ֤;֤;	","2019-03-20 00:00:00.0	"
"人ҽҽԺ޹˾	","³̱	","	","	","2019-03-20 00:00:00.0	"
"人ҽҽԺ޹˾	","ӪΧҵΧ	","ҽݿơơơƤơҽơơҽѧơٴҺѪҺרҵٴѧרҵҽѧӰƣXרҵרҵĵרҵ)ݣ鼰չ񡣣뾭Ŀز󷽿ɿչӪ	","ҽݿƣơơǻơƤơҽơơҽѧƣٴҺѪҺרҵٴѧרҵٴߡѪѧרҵҽѧӰƣXרҵרҵĵרҵ)ݣ鼰չͣշѷѯ񣨲֤ȯڻͶѯ뾭Ŀز󷽿ɿչӪ	","2019-03-20 00:00:00.0	"
"人ҽҽԺ޹˾	","	","ɣ԰ݡͨߡݡȹݡưɡɣ	","ɣ԰ݡͨߡݡȹݡưɡɣҽƻִҵǼ	","2019-03-20 00:00:00.0	"
"人ҽҽԺ޹˾	","Ͷ˱ʶʷʽڡͶƵȣ	","ƹɽ£٣ִж¼ܾ	","ƹɽ£¿ִж¼ܾ	","2018-02-06 00:00:00.0	"
"人ҽҽԺ޹˾	","ɾӪĿ	","֤	","ҽƻִҵ֤֤	","2019-03-20 00:00:00.0	"
"人ҽҽԺ޹˾	","ɾӪĿ	"," 	","֤	","2017-05-03 00:00:00.0	"
"ҽԺ޹˾	","	","	","100000003100000018100000007100000020100000021100000022100000023	","2018-08-08 00:00:00.0	"
"ҽԺ޹˾	","	","	","¿ƱλסɴǼǣӪҵִգ˰Ǽ֤֤ᱣյǼ֤ͳ֤	","2018-08-08 00:00:00.0	"
"ҽҽԺ޹˾	","˱	","	","ƽ	","2017-04-11 00:00:00.0	"
"ҽҽԺ޹˾	","ɶ	","	","ҽѧҽԺ޹˾	","2017-04-11 00:00:00.0	"
"ҽҽԺ޹˾	","ҵͱ	","ι˾(Ȼ˶)	","ι˾(ȻͶʻعɵķ˶)	","2017-04-11 00:00:00.0	"
"ҽҽԺ޹˾	","עʱ	","500.000000	","1000.000000	","2017-04-11 00:00:00.0	"
"ҽҽԺ޹˾	","ҵס	","ƽ·280	","·18	","2017-07-18 00:00:00.0	"
"ҽҽԺ޹˾	","Ͷܶ	","500.000000	","1000.000000	","2017-04-11 00:00:00.0	"
"ҽҽԺ޹˾	","˱ˡˡϯϻִ˵ȱ	","	","ƽ	","2017-04-11 00:00:00.0	"
"ҽҽԺ޹˾	","ҵͱ	","ι˾(ȻͶʻعɵķ˶)	","ι˾	","2018-12-25 00:00:00.0	"
"ҽҽԺ޹˾	","˱	","ƽ	","ʷ컪	","2018-12-25 00:00:00.0	"
"ҽҽԺ޹˾	","ɶ	","ҽѧҽԺ޹˾	","ҽѧҽԺ޹˾ʡͶʹ޹˾Ͷʹ޹˾	","2018-12-25 00:00:00.0	"
"ҽҽԺ޹˾	","˱ˡˡϯϻִ˵ȱ	","ƽ	","ʷ컪	","2018-12-25 00:00:00.0	"
"ҽҽԺ޹˾	","Ͷ˱ʶʷʽڡͶƵȣ	","ҽѧҽԺ޹˾ʡͶʹ޹˾Ͷʹ޹˾	","ҽѧҽԺ޹˾ʡͶʹ޹˾Ͷʹ޹˾ݵ䷶ҵͶι˾	","2019-05-08 00:00:00.0	"
"Ȫݷҽ޹˾	","Ա	","侴	","Ԭ	","2018-03-28 00:00:00.0	"
"Ȫݷҽ޹˾	","³̱	","³	","2018-08-24ͶˣȨ	","2018-08-27 00:00:00.0	"
"Ȫݷҽ޹˾	","Ͷ(Ȩ)	","ŻҽͶ޹˾ ֤պ룺******************;ʡͶʹ޹˾ ֤պ룺*****************A;Ͷʹ޹˾ ֤պ룺*****************F;ɽ ֤պ룺******************;	","ŻҽͶ޹˾ ֤պ룺******************;ʡͶʹ޹˾ ֤պ룺*****************A;Ͷʹ޹˾ ֤պ룺*****************F;ҽѧҽԺ޹˾ ֤պ룺*****************R;	","2018-08-27 00:00:00.0	"
"ҽҽԺ	","ƱֺơƵȣ	","ҽҽԺ޹˾ƣҽҽԺ	","ҽҽԺ	","2017-07-07 00:00:00.0	"
"ҽҽԺ	","³̻³ͨ	","2017-04-10	","2017-04-10	","2017-07-07 00:00:00.0	"
"ҽҽԺ	","³̻³ͨ	","2013-06-05	","2017-04-10	","2017-05-27 00:00:00.0	"
"ҽҽԺ	","ܾ	","Դ䣨ܾ	","ܾͣ	","2017-05-27 00:00:00.0	"
"ҽҽԺ	","Ͷ˱ʶʷʽڡͶƵȣ	","ƣҽѧҽԺ޹˾ʶ140ʱ70ƣղNʶ20ʱ10ƣҶ־ʶ40ʱ20	","ƣͶʹ޹˾ʶ26ʱ13ƣͶ޹˾ʶ4ʱ2ƣҽѧҽԺ޹˾ʶ140ʱ70ƣղNʶ20ʱ10ƣ½㣬ʶ10ʱ5	","2017-05-27 00:00:00.0	"
"ҽҽԺ	","³ִж³Ա	","Ҷ־ִж£	","ִͣж£	","2016-10-24 00:00:00.0	"
"ҽҽԺ	","Ͷ˱ʶʷʽڡͶƵȣ	","ƣҶ־ʶ40ʱ20ƣĴҽԺ޹˾ʶ140ʱ70ƣղNʶ20ʱ10	","ƣҽѧҽԺ޹˾ʶ140ʱ70ƣղNʶ20ʱ10ƣҶ־ʶ40ʱ20	","2013-06-09 00:00:00.0	"
"ҽҽԺ	","Ͷ˱ʶʷʽڡͶƵȣ	","	","ƣҶ־ʶ40ʱ20ƣĴҽԺ޹˾ʶ140ʱ70ƣղNʶ20ʱ10	","2012-04-28 00:00:00.0	"
"ҽҽԺ	","ַסַӪפڵַȱ	","и·2044	","иǿֵǿ·2038Ű21114š23㡢и·2044	","2018-04-04 00:00:00.0	"
"ҽҽԺ	","³̻³ͨ	","2017-04-10	","2018-03-22	","2018-04-04 00:00:00.0	"
"ҽҽԺ	","	","1	","2	","2018-04-04 00:00:00.0	"
"ҽҽԺ	","Ͷ˱ʶʷʽڡͶƵȣ	","	","	","2018-10-22 00:00:00.0	"
"ҽҽԺ	","³̱	","2018-03-22	","2018-07-20	","2018-10-22 00:00:00.0	"
"ҽҽԺ	","	","	","	","2017-07-07 00:00:00.0	"
"ҽҽԺ	","߼Ա¡¡ȣ	","	","	","2017-05-27 00:00:00.0	"
"ҽҽԺ	","˱ˡˡϯϻִ˵ȱ	","	","	","2016-10-24 00:00:00.0	"
"ҽҽԺ	","߼Ա¡¡ȣ	","	","	","2016-10-24 00:00:00.0	"
"ҽҽԺ	","	","	","*****1	","2016-01-20 00:00:00.0	"
"ҽҽԺ	","Ͷ˱ʶʷʽڡͶƵȣ	","ɶƣղNʶ20.000000ʱ10.000000ɶƣͶ޹˾ʶ4.000000ʱ2.000000ɶƣҽѧҽԺ޹˾ʶ140.000000ʱ70.000000ɶƣͶʹ޹˾ʶ26.000000ʱ13.000000ɶƣ½㡢ʶ10.000000ʱ5.000000	","ɶƣҽѧҽԺ޹˾ʶ150.000000ʱ75.000000ɶƣͶ޹˾ʶ4.000000ʱ2.000000ɶƣŻҽͶ޹˾ʶ20.000000ʱ10.000000ɶƣͶʹ޹˾ʶ26.000000ʱ13.000000	","2018-10-22 00:00:00.0	"
"ҽҽԺ	","߼Ա¡¡ȣ	","ܾԴ䣻	","ܾͣ	","2017-05-27 00:00:00.0	"
"ҽҽԺ	","Ͷ˱ʶʷʽڡͶƵȣ	","ɶƣҽѧҽԺ޹˾ʶ140.000000ʱ70.000000ɶƣҶ־ʶ40.000000ʱ20.000000ɶƣղNʶ20.000000ʱ10.000000	","ɶƣͶʹ޹˾ʶ26.000000ʱ13.000000ɶƣ½㡢ʶ10.000000ʱ5.000000ɶƣղNʶ20.000000ʱ10.000000ɶƣҽѧҽԺ޹˾ʶ140.000000ʱ70.000000ɶƣͶ޹˾ʶ4.000000ʱ2.000000	","2017-05-27 00:00:00.0	"
"ҽҽԺ	","˱ˡˡϯϻִ˵ȱ	","ܾ:Դ䣻³:Ҷ־:Ҷ־:֣־᣻	","³:ͣ:֣־᣻:ܾͣ:Դ䣻	","2016-10-24 00:00:00.0	"
"ҽҽԺ	","߼Ա¡¡ȣ	","£֣־᣻ִж£Ҷ־ܾԴ䣻	","ִж£ܾͣԴ䣻£֣־᣻	","2016-10-24 00:00:00.0	"
"ҽҽԺ	","	","һһ뻻	","һһ뻻	","2016-01-20 00:00:00.0	"
"ҽҽԺ	","Ͷ˱ʶʷʽڡͶƵȣ	","	","	","2019-07-24 00:00:00.0	"
"ҽҽԺ	","עʱעʽʽȱ	","200	","500	","2019-07-24 00:00:00.0	"
"ҽҽԺ	","³̱	","2018-07-20	","2019-07-02	","2019-07-24 00:00:00.0	"
"ҽԺ޹˾	","Ͷ˱ʶʷʽڡͶƵȣ	","Ͷʹ޹˾꣬ҽѧҽԺ޹˾	","Ͷʹ޹˾ҽѧҽԺ޹˾˶ҵ޹˾	","2019-04-12 00:00:00.0	"
"ҽԺ޹˾	","ӪΧҵΧ	","¾׼Ӫƻ뾭ľӪĿȡ󷽿ɴ¾Ӫ**뾭׼Ŀز׼󷽿ɿչӪ	","ҽݿƣƣƣƤݿƣҽƣƣҽѧƣҽѧӰƣݣϾӪΧ뾭ľӪĿȡ󷽿ɴ¾ӪϢѯƣµҵ뾭ľӪĿȡ󷽿ɴ¾Ӫ**뾭׼Ŀز׼󷽿ɿչӪ	","2019-04-12 00:00:00.0	"
"ҽԺ޹˾	","Ͷ˱ʶʷʽڡͶƵȣ	","Ͷʹ޹˾ҽѧҽԺ޹˾˶ҵ޹˾	","Ͷʹ޹˾ҽѧҽԺ޹˾˶ҵ޹˾	","2019-05-05 00:00:00.0	"
"ҽԺ޹˾	","עʱעʽʽȱ	","800.0	","2000.0	","2019-05-05 00:00:00.0	"
"ҽԺ޹˾	","ӪΧҵΧ	","ҽݿƣƣƣƤݿƣҽƣƣҽѧƣҽѧӰƣݣϾӪΧ뾭ľӪĿȡ󷽿ɴ¾ӪϢѯƣµҵ뾭ľӪĿȡ󷽿ɴ¾Ӫ**뾭׼Ŀز׼󷽿ɿչӪ	","ҽݿƣƣƣƤݿƣҽƣƣҽѧƣҽѧӰƣݣϾӪΧ뾭ľӪĿȡ󷽿ɴ¾ӪϢѯƣµҵ񣻴¾ӪԻĻ㲥ӽĿ뾭ľӪĿȡ󷽿ɴ¾Ӫ**뾭׼Ŀز׼󷽿ɿչӪ	","2019-08-21 00:00:00.0	"
"ҽԺ޹˾	","߼Ա¡¡ȣ	","ҪԱϢ	","ҪԱϢ	","2019-08-21 00:00:00.0	"
"ҽԺ޹˾	","Ͷ˱ʶʷʽڡͶƵȣ	","Ͷʹ޹˾ҽѧҽԺ޹˾˶ҵ޹˾	","Ͷʹ޹˾ҽѧҽԺ޹˾˶ҵ޹˾	","2019-08-21 00:00:00.0	"
"ܰҽԺ޹˾	","Ʊ	","ƤҽԺ޹˾	","ܰҽԺ޹˾	","2017-08-04 00:00:00.0	"
"ܰҽԺ޹˾	","ӪΧ	","ԤơƤƣƤרҵҽϿơҽƣƤרҵҽѧƣٴҺѪҺרҵٴ΢ѧרҵٴ΢רҵҽѧӰƣXרҵBרҵĵרҵơơ뾭׼Ŀز׼󷽿ɿչӪ	","ҽƷԤơƤƣƤרҵҽϿơҽƣƤרҵҽѧƣٴҺѪҺרҵٴ΢ѧרҵٴ΢רҵҽѧӰƣXרҵBרҵĵרҵơơҽݷ񡣣뾭׼Ŀز׼󷽿ɿչӪ	","2017-08-04 00:00:00.0	"
"ܰҽԺ޹˾	","˱	","	","ɽ	","2017-08-04 00:00:00.0	"
"ܰҽԺ޹˾	","ӪΧ	","ҽƷ񡣣뾭׼Ŀز׼󷽿ɿչӪ	","ԤơƤƣƤרҵҽϿơҽƣƤרҵҽѧƣٴҺѪҺרҵٴ΢ѧרҵٴ΢רҵҽѧӰƣXרҵBרҵĵרҵơơ뾭׼Ŀز׼󷽿ɿչӪ	","2016-07-01 00:00:00.0	"
"ܰҽԺ޹˾	","ɶ	","ҽҽͶ޹˾	","ҽѧҽԺ޹˾	","2018-01-25 00:00:00.0	"
"ܰҽԺ޹˾	","˱ˡˡϯϻִ˵ȱ	","	","ɽ	","2017-08-04 00:00:00.0	"
"ܰҽԺ޹˾	","ӪΧ	","ҽƷԤơƤƣƤרҵҽϿơҽƣƤרҵҽѧƣٴҺѪҺרҵٴ΢ѧרҵٴ΢רҵҽѧӰƣXרҵBרҵĵרҵơơҽݷ񡣣뾭׼Ŀز׼󷽿ɿչӪ	","ҽƷԤơƤƣƤרҵҽϿơҽƣƤרҵҽѧƣٴҺѪҺרҵٴ΢ѧרҵٴ΢רҵҽѧӰƣXרҵBרҵĵרҵơơҽݷ񡢵λʳá뾭׼Ŀز׼󷽿ɿչӪ	","2018-11-05 00:00:00.0	"
"ܰҽԺ޹˾	","ӪΧ	","ҽƷԤơƤƣƤרҵҽϿơҽƣƤרҵҽѧƣٴҺѪҺרҵٴ΢ѧרҵٴ΢רҵҽѧӰƣXרҵBרҵĵרҵơơҽݷ񡢵λʳá뾭׼Ŀز׼󷽿ɿչӪ	","ҽƷԤơƤƣƤרҵҽϿơҽƣƤרҵҽѧƣٴҺѪҺרҵٴ΢ѧרҵٴ΢רҵҽѧӰƣXרҵBרҵĵרҵơơҽݷơλʳá뾭׼Ŀز׼󷽿ɿչӪ	","2019-01-08 00:00:00.0	"
"ŰƼ޹˾	","	","<b>ҵϢ</b>ҵ():ι˾(ȻͶʻع).	","<b>ҵϢ</b>ҵ():ι˾(ȻͶʻعɵķ˶)	","2018-03-12 00:00:00.0	"
"ŰƼ޹˾	","	","<b>ӪϢ</b><br><font color='red'>ɾ</font>:20170612ӪȨ:ޣӪƺ:Ӫ·:Ӫؼܵλ:350206HHS0Ӫ:Ӫ:к14102ңӪ:к	","<b>ӪϢ</b><br><font color='blue'></font>:ӪȨ:ޣӪƺ:Ӫ·:Ӫؼܵλ:350206HJT4Ӫ:Ӫ:к·1939301BԪӪ:к.	","2018-03-12 00:00:00.0	"
"ŰƼ޹˾	","	","<b>ȨתϢ</b><br><b>ҵϢ</b>ҵ():ι˾(ȻͶʻع)<br><b>Ͷ˼Ϣ</b><br>Ͷ:Ȼ˹ɶͶ:Ⱥ֤:֤ձ:Ͻɳʶ:70.0ʵɳʶ:0.0ʷʽ:ңʱ:70.0ʱ:ɸ:0():йǷҵ:ŷͶ:<br><font color='red'>ɾ</font>Ͷ:Ȼ˹ɶͶ:ٿ֤:֤ձ:Ͻɳʶ:30.0ʵɳʶ:0.0ʷʽ:ңʱ:30.0ʱ:ɸ:0():йǷҵ:ŷͶ:.	","<b>Clo</b><br><font color='blue'></font>l:l@`D:30.0l:30.0:שg:*****************Al:****************************l{:-pש:****************************llg:llg{:שg{:պ%gg(l)l:ש:D	Pl<br><font color='blue'></font>l:l@`D:70.0l:70.0:שg:*****************Al:****************************l{:-pש:****************************llg:llg{:שg{:պ%gg(l)l:ש:D	Pl<br><b>,o</b>(:){:	P#l(6DպD)<br><b>DDo</b><br>D{:  պD:D	Plg{:պ%gg(l)g:*****************A4D:100.04D:0.0D:'Dԋ:100.0D:Y4P:0+(0:):-/&:պD:.	 ҵˣͶ:ʡͶʹ޹˾֤:ҵӪҵִ(˾)֤ձ:*****************AϽɳʶ:100.0ʵɳʶ:0.0ʷʽ:ңʱ:100.0ʱ:ɸ:0():йǷҵ:ŷͶ:.	","2018-03-12 00:00:00.0	"
"ŰƼ޹˾	","	","<b>ҵϢ</b>סȨ:ޣס:к14102ң:·::361000ϵ绰:************	","<b>ҵϢ</b>סȨ:ޣס:к·1939301BԪ:·::361000ϵ绰:************	","2018-03-12 00:00:00.0	"
"ŰƼ޹˾	","	","<b>ҵϢ</b>Ա:Ůԣְ:ִж¼ܾò:ְʼ::壬ְֹ:ְʽ:ѡ٣˱־:1λ:Ա־:2־::й.	","<b>ҵϢ</b>Ա:ԣְ:ִж¼ܾò:ְʼ::壬ְֹ:ְʽ:ίɣ˱־:1λ:Ա־:2־::й	","2018-03-12 00:00:00.0	"
"ŰƼ޹˾	","	","<b>̵Ǽˣ</b><br>:20170612:351100Ա:Ůԣnull::ãnull:.	","<b>̵Ǽˣ</b><br>:20170612:351100Ա:ԣnull::ףnull:	","2018-03-12 00:00:00.0	"
"ŰƼ޹˾	","	","<b>ҪԱϢ</b><br>:ãԱ:Ůԣְ:ִж¼ܾò:ְʼ::壬ְֹ:ְʽ:ѡ٣˱־:1λ:Ա־:2־::й.	","<b>ҪԱϢ</b><br>:ףԱ:ԣְ:ִж¼ܾò:ְʼ::壬ְֹ:ְʽ:ίɣ˱־:1λ:Ա־:2־::й	","2018-03-12 00:00:00.0	"
"ŰƼ޹˾	","	","<b>˾Ϣ()</b>˵:.	","<b>˾Ϣ()</b>˵:.	","2018-03-12 00:00:00.0	"
"ŰƼ޹˾	","	","<b>ҵϢ</b>ɾӪĿ:ɾӪĿ:һ㾭ӪĿ:ϢϵͳɷϢѯݴʹ洢񣻼ɵ·ƣݷ񣻺ģ辭ĿơδϢҵ辭Ŀһ㾭ӪĿ:65106520653065406550659165926599165992ҵ:ҵ:Ϣ䡢ϢҵӪĿ:ӪΧ:ǷʹþӪΧ־:ӪΧ:ϢϵͳɷϢѯݴʹ洢񣻼ɵ·ƣݷ񣻺ģ辭ĿơδϢҵ辭Ŀرעҵ(Tҵ1):<br><b>Ϣ</b>	","<b>,o</b>%y:%y: ,%y:o oo/pnX5ﾡpW|-+ ϸyy	;+;6\v*o/+ ϸyy	k(yvֶ(yk(.v(.TQ .::UFovր/v*р( ,%y:65106520653065406550659165926599165992513451395234523952947291723272927239172392751975902L:o L{:o oo/v%y:%P6'(:/&(%P6'(:%:o oo/pnX5ﾡpW|-+ ϸyy	;+;6\v*o/+ ϸyy	k(yvֶ(yk(.v(.TQ .::UFovր/v*р(y+s{+(T{{+1):v{<br><b>o</b>.	ҵ辭ĿױƷƷͥƷױƷƷۣƷۣۣгг飻鼰չϢѯҵѯƹδƼƹӦ÷ҵرעҵ(Tҵ1):<br><b>Ϣ</b>.	","2018-09-26 00:00:00.0	"
"ŰƼ޹˾	","	","<b>Ͷ˼Ϣ</b>ɸ:0<br><b>˾Ϣ()</b>˵:.	","<b>Ͷ˼Ϣ</b>ɸ:0<br><b>˾Ϣ()</b>˵:.	","2018-09-26 00:00:00.0	"
"ŰƼ޹˾	","	","<b>,o</b>%y:%y: ,%y:o oo/pnX5ﾡpW|-+ ϸyy	;+;6\v*o/+ ϸyy	k(yvֶ(yk(.v(.TQ .::UFovր/v*р( ,%y:65106520653065406550659165926599165992513451395234523952947291723272927239172392751975902L:o L{:o oo/v%y:%P6'(:/&(%P6'(:%:o oo/pnX5ﾡpW|-+ ϸyy	;+;6\v*o/+ ϸyy	k(yvֶ(yk(.v(.TQ .::UFovր/v*р(y+s{+(T{{+1):v{<br><b>o</b>	ҵ辭ĿױƷƷͥƷױƷƷۣƷۣۣгг飻鼰չϢѯҵѯƹδƼƹӦ÷ҵرעҵ(Tҵ1):<br><b>Ϣ</b>	","<b>,o</b>%y:TQo+ooQ'	;b@	;fqʭ;feS-ʭ-:%y:642083158330839028390383904839098412 ,%y:o oo/pnX5ﾡpW|-+ ϸyy	;+;6\v*o/+ ϸyy	k(yvֶ(yk(.v(.TQ .::UFovր/v*р(:oʅy:oʅ., {;h.,{;h.v֒TQ+ ϸyy	DՋ	Ěd	;o+ooʗv ϸyy	v*+ ϸyy	i/P/ ,%y:651065206530654065506591659265991659925134513952345239529472917232729272391723927519759025177527352521525226490272393723977239875127513L:o L{:o oo/v%y:%P6'(:/&(%P6'(:%:o TQo+ooQ'	;b@	;fqʭ;feS-ʭ-:oo/pnX5ﾡpW|-+ ϸyy	;+;6\v*o/+ ϸyy	k(yvֶ(yk(.v(.TQ .::UFovր/v*Ϣ񣨲ҩƷϢɣרҽԺﲿҽѧӰϣҽѧƣģģϢϵͳɷϢѯݴʹ洢񣻼ɵ·ƣݷ񣻺ģ辭ĿơδϢҵ辭ĿױƷƷͥƷױƷƷۣƷۣۣгг飻鼰չϢѯҵѯƹδƼƹӦ÷ҵ豸豸ۣһҽеۣڶҽеۣ񣨲辭ĿͶѯɡй涨⣩ҽϢѯ񣨲ҩƷϢ񡢼Ƽ辭Ŀδרҵѯ񣨲辭Ŀ＼ƹ²ϼƹ񡣣رעҵ(Tҵ1):<br><b>Ϣ</b>.	","2019-08-05 00:00:00.0	"
"ŰƼ޹˾	","	","<b>ҵϢ</b>ʱ:100.0Ͻɳʶ:100.0<br><b>˾Ϣ()</b>˵:.	","<b>ҵϢ</b>ʱ:100.0Ͻɳʶ:100.0<br><b>˾Ϣ()</b>˵:.	","2019-08-05 00:00:00.0	"
"ɳܰҽҽԺ޹˾	","Ա	","ׯ *** ֻ***	","ʢ *** ֻ*** ϰ	","2018-06-15 00:00:00.0	"
"ɳܰҽҽԺ޹˾	","Ա	","ׯ *** ֻ***	","ׯ *** ֻ***	","2018-06-14 00:00:00.0	"
"Ͼ¥ҽﲿ޹˾	","ӪΧ	","ҽݷȡ֤󷽿ɾӪҽԺĿͶʣڡҵ񣩣гӪ߻ҵѯѯô´ˣϢѯҵ뾭׼Ŀز׼󷽿ɿչӪ	","ҽݿƣƣƣƤƣҽ/ҽѧƣٴҺѪҺרҵٴ΢ѧרҵٴѧרҵ/ҽѧӰƣXרҵרҵĵרҵҽݷȡ֤󷽿ɾӪҽԺĿͶʣڡҵ񣩣гӪ߻ҵѯѯô´ˣϢѯҵ뾭׼Ŀز׼󷽿ɿչӪ	","2017-10-23 00:00:00.0	"
"Ͼ¥ҽﲿ޹˾	","Ʊ	","ϾҽԺ޹˾	","Ͼ¥ҽﲿ޹˾	","2017-10-23 00:00:00.0	"
"Ͼ¥ҽﲿ޹˾	","ӪΧ	","ҽݿƣƣƣƤƣҽ/ҽѧƣٴҺѪҺרҵٴ΢ѧרҵٴѧרҵ/ҽѧӰƣXרҵרҵĵרҵҽݷȡ֤󷽿ɾӪҽԺĿͶʣڡҵ񣩣гӪ߻ҵѯѯô´ˣϢѯҵ뾭׼Ŀز׼󷽿ɿչӪ	","ҽݿƣƣƣƤƣҽƣҽѧƣƣǻƣǻ޸רҵǻרҵǻֲרҵٴߡѪѧרҵٴҺѪҺרҵٴ΢ѧרҵٴѧרҵ/ҽѧӰƣXרҵרҵĵרҵгӪ߻ҵѯѯô´ˣϢѯҵױƷۡ뾭׼Ŀز׼󷽿ɿչӪ	","2018-11-08 00:00:00.0	"
"ҽԺ޹˾	","Ͷ(Ȩ)	","ҽѧҽԺ޹˾  220.8;ŻҽͶ޹˾  19.2;Ͷʹ޹˾  48;  32;	","ҽѧҽԺ޹˾  220.8;ŻҽͶ޹˾  19.2;Ͷʹ޹˾  48;ҵ޹˾  32.000000;	","2019-08-15 00:00:00.0	"
"ſҵţ޹˾	","	","<b>ҵϢ</b>Ա:ԣְ:£ò:ְʼ::壬ְֹ:ְʽ:ίɣ˱־:2λ:ɶԱ־:2־::й<br><font color='red'>ɾ</font>:·Ա:ԣְ:ò:ְʼ::壬ְֹ:ְʽ:ƸΣ˱־:2λ:ɶԱ־:2־::й<br><font color='red'>ɾ</font>:壬Ա:ԣְ:ִж£ò:ְʼ::壬ְֹ:ְʽ:ίɣ˱־:1λ:ɶԱ־:2־::й.	","<b>ҵϢ</b>Ա:ԣְ:ִж¼ܾò:ְʼ::壬ְֹ:ְʽ:ίɣ˱־:1λ:ɶԱ־:2־::й<br><font color='blue'></font>:־Ա:ԣְ:£ò:ְʼ::壬ְֹ:ְʽ:ίɣ˱־:2λ:Ա־:2־::й	","2019-10-28 00:00:00.0	"
"ſҵţ޹˾	","	","<b>ҵϢ</b>סȨ:޳ʹãס:й()óƬ·97ŹʺD805ԪX:·::361000ϵ绰:***********	","<b>ҵϢ</b>סȨ:ޣס:й()óƬ·7óA203Ԫ:·::361000ϵ绰:0592-*******	","2019-10-28 00:00:00.0	"
"ſҵţ޹˾	","	","<b>ӪϢ</b><br><b>ҵϢ</b>ϵ绰:***********	","<b>ӪϢ</b><br><font color='blue'></font>:Ӫƺ:Ӫؼܵλ:**********null:null:null:ӪȨ:ޣӪ·:Ӫ:Ӫ:й()óƬ·7óA203ԪӪ:к<br><b>ҵϢ</b>ϵ绰:0592-*******	","2019-10-28 00:00:00.0	"
"ǻﲿ	","ƱֺơƵȣ	","ǻﲿ޹˾	","ǻﲿ	","2018-06-24 00:00:00.0	"
"ǻﲿ	","³̻³ͨ	","1900-01-01	","2018-06-21	","2018-06-24 00:00:00.0	"
"ǻﲿ	","ӪΧҵΧ	","^ǻơǻѯ񡢿ǻԤ	","^ǻơ	","2016-10-17 00:00:00.0	"
"ǻﲿ	","	","	","	","2018-06-24 00:00:00.0	"
"̩ޣţ޹˾	","	","<b>ҵϢ</b>Ա:ԣְ:£ò:ְʼ::壬ְֹ:ְʽ:ίɣ˱־:2λ:ɶԱ־:2־::й<br>:壬Ա:ԣְ:ִж£ò:ְʼ::壬ְֹ:ְʽ:ίɣ˱־:1λ:ɶԱ־:2־::й.	","<b>ҵϢ</b>Ա:ԣְ:£ò:ְʼ::壬ְֹ:ְʽ:ίɣ˱־:2λ:ɶԱ־:2־::й<br>:·Ա:ԣְ:ִж£ò:ְʼ::壬ְֹ:ְʽ:ίɣ˱־:1λ:ɶԱ־:2־::й.	","2019-10-28 00:00:00.0	"
"ܰҽѧҽԺ޹˾	","߼Ա¡¡ȣ	","ֽ 	","ֹǿ 	","2018-07-24 00:00:00.0	"
"ܰҽѧҽԺ޹˾	","Ͷ(Ȩ)	","Ѧ  1000;	","ɶͶʹ޹˾  200;ɶҵѯ޹˾  70;ҽѧҽԺ޹˾  730;	","2018-09-27 00:00:00.0	"
"ܰҽѧҽԺ޹˾	","гͱ	","ι˾(Ȼ˶)	","ι˾	","2018-09-27 00:00:00.0	"
"ܰҽѧҽԺ޹˾	","ӪΧ	","ҽԺ񣻿ǻҽԺҽԺƤҽԺٴ񣻲ҽѧӰϷ񡣣뾭׼Ŀز׼󷽿ɿչӪ	","ơƤơݿǻơơҡ顢ĵͼ顢ǻӰ顣뾭׼Ŀز׼󷽿ɿչӪ	","2019-05-09 00:00:00.0	"
"ŷðó޹˾	","	","<b>ҵϢ</b>ʱ:100.0Ͻɳʶ:50.0<br><b>˾Ϣ()</b>˵:	","<b>ҵϢ</b>ʱ:100.0Ͻɳʶ:50.0<br><b>˾Ϣ()</b>˵:	","2019-04-26 00:00:00.0	"
"ŷðó޹˾	","	","<b>ҵϢ</b>ɾӪĿ:ɾӪĿ:һ㾭ӪĿ:ױƷƷͥƷױƷƷۣƷۣۣδרҵѯ񣨲辭Ŀһ㾭ӪĿ:5134513952345239529472398ҵ:ױƷƷۣҵ:ҵӪĿ:ӪΧ:ǷʹþӪΧ־:ӪΧ:ױƷƷۣƷۣױƷƷͥƷۣδרҵѯ񣨲辭Ŀرעҵ(Tҵ1):<br><b>Ϣ</b>	","<b>ҵϢ</b>ɾӪĿ:ɾӪĿ:һ㾭ӪĿ:ױƷƷͥƷױƷƷۣƷۣۣδרҵѯ񣨲辭ĿӪƷͼĽڣƷĿ¼޶˾ӪֹڵƷ⣻һ㾭ӪĿ:513451395234523952947239851991ҵ:ױƷƷۣҵ:ҵӪĿ:ӪΧ:ǷʹþӪΧ־:ӪΧ:ױƷƷۣױƷƷͥƷƷۣۣδרҵѯ񣨲辭ĿӪƷͼĽڣƷĿ¼޶˾ӪֹڵƷ⡣رעҵ(Tҵ1):<br><b>Ϣ</b>	","2019-04-26 00:00:00.0	"
"ܰҽҽԺ޹˾	","³̱	","	","׼³̱	","2019-05-08 00:00:00.0	"
"ܰҽҽԺ޹˾	","Ʊ	","ܰҽ޹˾	","ܰҽҽԺ޹˾	","2019-05-08 00:00:00.0	"
"ܰҽҽԺ޹˾	","˱	","Ҷ־	","׿־	","2019-04-08 00:00:00.0	"
"ܰҽҽԺ޹˾	","³̱	","	","׼³̱	","2019-04-08 00:00:00.0	"
"ܰҽҽԺ޹˾	","±	","Ҷ־	","׿־	","2019-04-08 00:00:00.0	"
"ܰҽҽԺ޹˾	","ҵͱ	","ι˾(ȻͶʻع)	","ι˾	","2019-04-08 00:00:00.0	"
"ܰҽҽԺ޹˾	","ɶ	","ܰҽﲿ޹˾ɽͶʹ޹˾	","ܰҽﲿ޹˾Ͷʹ޹˾ҽѧҽԺ޹˾	","2019-04-08 00:00:00.0	"
"ܰҽҽԺ޹˾	","	","Ҷ־	","׿־	","2019-04-08 00:00:00.0	"
"ܰҽҽԺ޹˾	","ס(Ӫ)	","ֺ·222Աײ101-103104-1162㡢3㡢4㡢5-191-6Ԫ	","Ҵ122ȹ¥1-5	","2018-04-03 00:00:00.0	"
"ܰҽҽԺ޹˾	","ɶ	","ܰҽﲿ޹˾Ͷʹ޹˾ҽѧҽԺ޹˾	","Ͷʹ޹˾ҽѧҽԺ޹˾	","2019-09-23 00:00:00.0	"
"ܰҽҽԺ޹˾	","³̱	","	","׼³̱	","2019-09-23 00:00:00.0	"